taxon_long,genus,species_short,n_crc,n_control,prevalence_crc,prevalence_control,median_abundance_crc_percent,median_abundance_control_percent,median_diff_crc_minus_control_percent,coef_crc_clr_adjusted,se_hc3,pvalue,qvalue_bh,direction_adjusted
k__Bacteria|p__Firmicutes|c__Tissierellia|o__Tissierellales|f__Peptoniphilaceae|g__Parvimonas|s__Parvimonas_micra,Parvimonas,Parvimonas micra,701,694,0.4108416547788873,0.1253602305475504,0.0,0.0,0.0,2.1325455881719457,0.153389701156556,6.091524866719365e-44,1.8335489848825287e-41,CRC_higher
k__Bacteria|p__Firmicutes|c__Bacilli|o__Bacillales|f__Bacillales_unclassified|g__Gemella|s__Gemella_morbillorum,Gemella,Gemella morbillorum,701,694,0.340941512125535,0.0749279538904899,0.0,0.0,0.0,1.6986999184552305,0.1339329569573457,7.32679314777202e-37,1.1026823687396887e-34,CRC_higher
k__Bacteria|p__Firmicutes|c__Clostridia|o__Clostridiales|f__Peptostreptococcaceae|g__Peptostreptococcus|s__Peptostreptococcus_stomatis,Peptostreptococcus,Peptostreptococcus stomatis,701,694,0.2938659058487874,0.0461095100864553,0.0,0.0,0.0,1.6306151366295143,0.1338288301711352,3.767191819432243e-34,3.779749125497018e-32,CRC_higher
k__Bacteria|p__Firmicutes|c__Erysipelotrichia|o__Erysipelotrichales|f__Erysipelotrichaceae|g__Solobacterium|s__Solobacterium_moorei,Solobacterium,Solobacterium moorei,701,694,0.2853067047075606,0.0806916426512968,0.0,0.0,0.0,1.3085475945613885,0.1273545420527508,9.149574366459132e-25,6.885054710760497e-23,CRC_higher
k__Bacteria|p__Fusobacteria|c__Fusobacteriia|o__Fusobacteriales|f__Fusobacteriaceae|g__Fusobacterium|s__Fusobacterium_nucleatum,Fusobacterium,Fusobacterium nucleatum,701,694,0.2268188302425107,0.0244956772334293,0.0,0.0,0.0,1.2369136601497477,0.1206391065203469,1.1471750478476192e-24,6.905993788042667e-23,CRC_higher
k__Bacteria|p__Firmicutes|c__Negativicutes|o__Veillonellales|f__Veillonellaceae|g__Dialister|s__Dialister_pneumosintes,Dialister,Dialister pneumosintes,701,694,0.2111269614835948,0.0172910662824207,0.0,0.0,0.0,1.3082623693025242,0.1307912616027834,1.483363255097318e-23,7.44153899640488e-22,CRC_higher
k__Bacteria|p__Bacteroidetes|c__Bacteroidia|o__Bacteroidales|f__Porphyromonadaceae|g__Porphyromonas|s__Porphyromonas_asaccharolytica,Porphyromonas,Porphyromonas asaccharolytica,701,694,0.1355206847360913,0.015850144092219,0.0,0.0,0.0,0.789509757706969,0.1116525923601234,1.5367944219067057e-12,6.608216014198833e-11,CRC_higher
k__Bacteria|p__Firmicutes|c__Clostridia|o__Clostridiales|f__Lachnospiraceae|g__Roseburia|s__Roseburia_intestinalis,Roseburia,Roseburia intestinalis,701,694,0.5278174037089871,0.6484149855907781,0.00486,0.054705,-0.049845,-1.5743361584329256,0.239818918378511,5.2142238289575705e-11,1.961851715645286e-09,control_higher
k__Bacteria|p__Firmicutes|c__Bacilli|o__Lactobacillales|f__Streptococcaceae|g__Streptococcus|s__Streptococcus_salivarius,Streptococcus,Streptococcus salivarius,701,694,0.8017118402282454,0.8789625360230547,0.04942,0.083,-0.03358,-1.0418117518631584,0.1618976274311541,1.2347072256970612e-10,4.129409721497949e-09,control_higher
k__Bacteria|p__Firmicutes|c__Clostridia|o__Clostridiales|f__Lachnospiraceae|g__Lachnoclostridium|s__Clostridium_symbiosum,Lachnoclostridium,Clostridium symbiosum,701,694,0.5249643366619116,0.3472622478386167,0.00189,0.0,0.00189,1.239985496878374,0.1986451817086965,4.3142343645142037e-10,1.2985845437187754e-08,CRC_higher
k__Bacteria|p__Firmicutes|c__Clostridia|o__Clostridiales|f__Lachnospiraceae|g__Roseburia|s__Roseburia_sp_CAG_303,Roseburia,Roseburia sp CAG 303,701,694,0.0542082738944365,0.1224783861671469,0.0,0.0,0.0,-0.7867926856470572,0.1306940607840047,1.742980573856501e-09,4.7694286611891534e-08,control_higher
k__Bacteria|p__Firmicutes|c__Clostridia|o__Clostridiales|f__Lachnospiraceae|g__Roseburia|s__Roseburia_faecis,Roseburia,Roseburia faecis,701,694,0.62339514978602,0.7161383285302594,0.06651,0.400665,-0.334155,-1.4235654451601911,0.2433533417885325,4.9220011208371905e-09,1.2346019478099954e-07,control_higher
k__Bacteria|p__Firmicutes|c__Clostridia|o__Clostridiales|f__Ruminococcaceae|g__Faecalibacterium|s__Faecalibacterium_prausnitzii,Faecalibacterium,Faecalibacterium prausnitzii,701,694,0.9300998573466476,0.9553314121037464,2.80331,4.20582,-1.40251,-0.8699076308368622,0.1532823638459659,1.3852903857860734e-08,3.2074800470892933e-07,control_higher
k__Bacteria|p__Firmicutes|c__Clostridia|o__Clostridiales|f__Lachnospiraceae|g__Eisenbergiella|s__Eisenbergiella_tayi,Eisenbergiella,Eisenbergiella tayi,701,694,0.3880171184022825,0.2492795389048991,0.0,0.0,0.0,0.8759761558124657,0.1628759720725704,7.524292981690196e-08,1.617722991063392e-06,CRC_higher
k__Bacteria|p__Firmicutes|c__Clostridia|o__Clostridiales|f__Eubacteriaceae|g__Eubacterium|s__Eubacterium_eligens,Eubacterium,Eubacterium eligens,701,694,0.6319543509272468,0.7046109510086456,0.076,0.405775,-0.329775,-1.3306617593783752,0.2488737087104333,8.955500329022113e-08,1.7970703993571038e-06,control_higher
k__Bacteria|p__Firmicutes|c__Bacilli|o__Lactobacillales|f__Streptococcaceae|g__Streptococcus|s__Streptococcus_anginosus_group,Streptococcus,Streptococcus anginosus group,701,694,0.369472182596291,0.2406340057636887,0.0,0.0,0.0,0.8097442505767353,0.156710282253043,2.3770092101837159e-07,4.471748576658114e-06,CRC_higher
k__Bacteria|p__Firmicutes|c__Clostridia|o__Clostridiales|f__Ruminococcaceae|g__Ruthenibacterium|s__Ruthenibacterium_lactatiformans,Ruthenibacterium,Ruthenibacterium lactatiformans,701,694,0.9087018544935808,0.8573487031700289,0.11412,0.0642349999999999,0.049885,0.7534466174658278,0.1503600427625725,5.41620598349963e-07,9.58987059431405e-06,CRC_higher
k__Bacteria|p__Firmicutes|c__Clostridia|o__Clostridiales|f__Peptostreptococcaceae|g__Romboutsia|s__Romboutsia_ilealis,Romboutsia,Romboutsia ilealis,701,694,0.1141226818830242,0.1757925072046109,0.0,0.0,0.0,-0.4496082874349492,0.090315822149253,6.418543699074069e-07,1.0733231407896082e-05,control_higher
k__Bacteria|p__Actinobacteria|c__Actinobacteria|o__Bifidobacteriales|f__Bifidobacteriaceae|g__Aeriscardovia|s__Aeriscardovia_aeriphila,Aeriscardovia,Aeriscardovia aeriphila,701,694,0.0699001426533523,0.1123919308357348,0.0,0.0,0.0,-0.3773387893440382,0.0764419048462693,7.96260010240668e-07,1.2614434899075846e-05,control_higher
k__Bacteria|p__Firmicutes|c__Clostridia|o__Clostridiales|f__Clostridiaceae|g__Hungatella|s__Hungatella_hathewayi,Hungatella,Hungatella hathewayi,701,694,0.5221112696148359,0.3645533141210375,0.00056,0.0,0.00056,0.8626453108791977,0.1807429065368611,1.817043255758862e-06,2.734650099917087e-05,CRC_higher
k__Bacteria|p__Bacteroidetes|c__Bacteroidia|o__Bacteroidales|f__Bacteroidaceae|g__Bacteroides|s__Bacteroides_fragilis,Bacteroides,Bacteroides fragilis,701,694,0.5877318116975749,0.4711815561959654,0.03212,0.0,0.03212,1.127596415635075,0.2519264238904501,7.609160119778707e-06,0.0001090646283834,CRC_higher
k__Archaea|p__Euryarchaeota|c__Methanobacteria|o__Methanobacteriales|f__Methanobacteriaceae|g__Methanobrevibacter|s__Methanobrevibacter_smithii,Methanobrevibacter,Methanobrevibacter smithii,701,694,0.3266761768901569,0.2262247838616714,0.0,0.0,0.0,0.8834976839866615,0.2010984197944608,1.116122528760306e-05,0.0001527058550712,CRC_higher
k__Bacteria|p__Firmicutes|c__Clostridia|o__Clostridiales|f__Ruminococcaceae|g__Ruminococcus|s__Ruminococcus_bicirculans,Ruminococcus,Ruminococcus bicirculans,701,694,0.4493580599144079,0.5360230547550432,0.0,0.01381,-0.01381,-1.075536834096496,0.250037483899275,1.6964394558583948e-05,0.0002220122940058,control_higher
k__Bacteria|p__Actinobacteria|c__Actinobacteria|o__Bifidobacteriales|f__Bifidobacteriaceae|g__Bifidobacterium|s__Bifidobacterium_catenulatum,Bifidobacterium,Bifidobacterium catenulatum,701,694,0.0713266761768901,0.1239193083573487,0.0,0.0,0.0,-0.5549360832720062,0.1307187315874423,2.1833204647936488e-05,0.0002738247749595,control_higher
k__Bacteria|p__Firmicutes|c__Erysipelotrichia|o__Erysipelotrichales|f__Erysipelotrichaceae|g__Bulleidia|s__Bulleidia_extructa,Bulleidia,Bulleidia extructa,701,694,0.108416547788873,0.0201729106628242,0.0,0.0,0.0,0.2960231658926474,0.0701863325179029,2.468338348451931e-05,0.0002971879371536,CRC_higher
k__Bacteria|p__Firmicutes|c__Clostridia|o__Clostridiales|f__Ruminococcaceae|g__Anaerotruncus|s__Anaerotruncus_colihominis,Anaerotruncus,Anaerotruncus colihominis,701,694,0.4807417974322396,0.3587896253602305,0.0,0.0,0.0,0.7031558973584563,0.1706470847579811,3.780069831393499e-05,0.0004376157766344,CRC_higher
k__Bacteria|p__Firmicutes|c__Clostridia|o__Clostridiales|f__Eubacteriaceae|g__Eubacterium|s__Eubacterium_sp_CAG_251,Eubacterium,Eubacterium sp CAG 251,701,694,0.181169757489301,0.2334293948126801,0.0,0.0,0.0,-0.8488170583554075,0.2108837701590746,5.696396944506158e-05,0.0006350427704801,control_higher
k__Bacteria|p__Bacteroidetes|c__Bacteroidia|o__Bacteroidales|f__Odoribacteraceae|g__Butyricimonas|s__Butyricimonas_virosa,Butyricimonas,Butyricimonas virosa,701,694,0.5877318116975749,0.4985590778097982,0.01084,0.0,0.01084,0.777332224866837,0.194538689078707,6.44838028073049e-05,0.0006796920457096,CRC_higher
k__Bacteria|p__Firmicutes|c__Clostridia|o__Clostridiales|f__Ruminococcaceae|g__Flavonifractor|s__Flavonifractor_sp_An100,Flavonifractor,Flavonifractor sp An100,701,694,0.0485021398002853,0.0706051873198847,0.0,0.0,0.0,-0.2927014794775139,0.0733209624033119,6.550255351040919e-05,0.0006796920457096,control_higher
k__Bacteria|p__Actinobacteria|c__Coriobacteriia|o__Eggerthellales|f__Eggerthellaceae|g__Denitrobacterium|s__Denitrobacterium_detoxificans,Denitrobacterium,Denitrobacterium detoxificans,701,694,0.0599144079885877,0.0677233429394812,0.0,0.0,0.0,-0.2178539616079004,0.0546811858643968,6.774339326009744e-05,0.0006796920457096,control_higher
k__Bacteria|p__Firmicutes|c__Negativicutes|o__Veillonellales|f__Veillonellaceae|g__Dialister|s__Dialister_sp_CAG_357,Dialister,Dialister sp CAG 357,701,694,0.0727532097004279,0.1066282420749279,0.0,0.0,0.0,-0.6141610894209377,0.1553122890758651,7.673899267605854e-05,0.0007451108643707,control_higher
k__Bacteria|p__Proteobacteria|c__Proteobacteria_unclassified|o__Proteobacteria_unclassified|f__Proteobacteria_unclassified|g__Proteobacteria_unclassified|s__Proteobacteria_bacterium_CAG_139,Proteobacteria_unclassified,Proteobacteria bacterium CAG 139,701,694,0.275320970042796,0.3242074927953891,0.0,0.0,0.0,-0.7583414962591689,0.1939401134051079,9.222590418871352e-05,0.000867499911275,control_higher
k__Bacteria|p__Firmicutes|c__Clostridia|o__Clostridiales|f__Clostridiales_unclassified|g__Intestinimonas|s__Intestinimonas_butyriciproducens,Intestinimonas,Intestinimonas butyriciproducens,701,694,0.5178316690442225,0.4034582132564842,0.00089,0.0,0.00089,0.7183197082277059,0.1848569766025309,0.0001019878448521,0.0009092630180043,CRC_higher
k__Bacteria|p__Bacteroidetes|c__Bacteroidia|o__Bacteroidales|f__Bacteroidaceae|g__Bacteroides|s__Bacteroides_nordii,Bacteroides,Bacteroides nordii,701,694,0.2396576319543509,0.1368876080691642,0.0,0.0,0.0,0.4951827158394523,0.1274895234476905,0.0001027074505386,0.0009092630180043,CRC_higher
k__Bacteria|p__Firmicutes|c__Clostridia|o__Clostridiales|f__Oscillospiraceae|g__Oscillibacter|s__Oscillibacter_sp_PC13,Oscillibacter,Oscillibacter sp PC13,701,694,0.0584878744650499,0.0720461095100864,0.0,0.0,0.0,-0.2435684100616883,0.0629126829359574,0.0001081538442651,0.0009301230606802,control_higher
k__Bacteria|p__Firmicutes|c__Clostridia|o__Clostridiales|f__Clostridiaceae|g__Clostridium|s__Clostridium_sp_CAG_253,Clostridium,Clostridium sp CAG 253,701,694,0.0699001426533523,0.1037463976945245,0.0,0.0,0.0,-0.4379685872397419,0.1135413723338137,0.0001146239070798,0.0009414117838335,control_higher
k__Bacteria|p__Firmicutes|c__Clostridia|o__Clostridiales|f__Clostridiales_Family_XIII_Incertae_Sedis|g__Mogibacterium|s__Mogibacterium_diversum,Mogibacterium,Mogibacterium diversum,701,694,0.4251069900142653,0.3357348703170029,0.0,0.0,0.0,0.5459574361614801,0.1416225853512213,0.0001157217142918,0.0009414117838335,CRC_higher
k__Bacteria|p__Firmicutes|c__Clostridia|o__Clostridiales|f__Ruminococcaceae|g__Flavonifractor|s__Flavonifractor_plautii,Flavonifractor,Flavonifractor plautii,701,694,0.9029957203994294,0.8328530259365994,0.18554,0.10285,0.08269,0.6124553363805069,0.1595061633224674,0.0001231862505672,0.0009757647742297,CRC_higher
k__Bacteria|p__Firmicutes|c__Clostridia|o__Clostridiales|f__Eubacteriaceae|g__Eubacterium|s__Eubacterium_sp_CAG_38,Eubacterium,Eubacterium sp CAG 38,701,694,0.4907275320970042,0.5504322766570605,0.0,0.01549,-0.01549,-0.9020496753678894,0.2373739881816756,0.0001446259495263,0.001115888939195,control_higher
k__Bacteria|p__Actinobacteria|c__Actinobacteria|o__Actinomycetales|f__Actinomycetaceae|g__Actinomyces|s__Actinomyces_naeslundii,Actinomyces,Actinomyces naeslundii,701,694,0.0556348074179743,0.0734870317002881,0.0,0.0,0.0,-0.2591408151542685,0.0683043411988384,0.0001482908889295,0.001115888939195,control_higher
k__Bacteria|p__Proteobacteria|c__Betaproteobacteria|o__Burkholderiales|f__Sutterellaceae|g__Turicimonas|s__Turicimonas_muris,Turicimonas,Turicimonas muris,701,694,0.2268188302425107,0.2694524495677233,0.0,0.0,0.0,-0.558509662525809,0.1503704701554677,0.0002038279047643,0.001496395105709,control_higher
k__Bacteria|p__Firmicutes|c__Clostridia|o__Clostridiales|f__Lachnospiraceae|g__Anaerostipes|s__Anaerostipes_hadrus,Anaerostipes,Anaerostipes hadrus,701,694,0.8231098430813124,0.8342939481268011,0.29236,0.53356,-0.2412,-0.6574137431575364,0.178541579757284,0.0002312911927945,0.001657586881694,control_higher
k__Bacteria|p__Firmicutes|c__Clostridia|o__Clostridiales|f__Clostridiaceae|g__Clostridium|s__Clostridium_sp_CAG_167,Clostridium,Clostridium sp CAG 167,701,694,0.0984308131241084,0.132564841498559,0.0,0.0,0.0,-0.4748514289459292,0.131948078438007,0.0003197198088737,0.002238038662116,control_higher
k__Bacteria|p__Firmicutes|c__Bacilli|o__Lactobacillales|f__Streptococcaceae|g__Streptococcus|s__Streptococcus_thermophilus,Streptococcus,Streptococcus thermophilus,701,694,0.3980028530670471,0.4553314121037464,0.0,0.0,0.0,-0.6994577301803644,0.1951670454899445,0.0003385113216806,0.0022959525767279,control_higher
k__Bacteria|p__Firmicutes|c__Bacilli|o__Lactobacillales|f__Streptococcaceae|g__Streptococcus|s__Streptococcus_oralis,Streptococcus,Streptococcus oralis,701,694,0.4493580599144079,0.3645533141210375,0.0,0.0,0.0,0.6119152063411917,0.1709134856683534,0.0003432487240955,0.0022959525767279,CRC_higher
k__Bacteria|p__Firmicutes|c__Clostridia|o__Clostridiales|f__Lachnospiraceae|g__Roseburia|s__Roseburia_sp_CAG_309,Roseburia,Roseburia sp CAG 309,701,694,0.1112696148359486,0.1426512968299711,0.0,0.0,0.0,-0.4035062541523151,0.1138150445380868,0.0003921955348881,0.0025663229565509,control_higher
k__Bacteria|p__Actinobacteria|c__Actinobacteria|o__Bifidobacteriales|f__Bifidobacteriaceae|g__Bifidobacterium|s__Bifidobacterium_animalis,Bifidobacterium,Bifidobacterium animalis,701,694,0.0756062767475035,0.1095100864553314,0.0,0.0,0.0,-0.4445974473475702,0.1262546339227024,0.0004292183862828,0.0026963518833963,control_higher
k__Bacteria|p__Firmicutes|c__Clostridia|o__Clostridiales|f__Eubacteriaceae|g__Eubacterium|s__Eubacterium_ventriosum,Eubacterium,Eubacterium ventriosum,701,694,0.5206847360912982,0.5547550432276657,0.00165,0.0147,-0.01305,-0.7629992161760278,0.2167018715170912,0.0004299830245947,0.0026963518833963,control_higher
k__Bacteria|p__Actinobacteria|c__Coriobacteriia|o__Eggerthellales|f__Eggerthellaceae|g__Asaccharobacter|s__Asaccharobacter_celatus,Asaccharobacter,Asaccharobacter celatus,701,694,0.5392296718972895,0.5864553314121037,0.00146,0.005415,-0.003955,-0.6147113597255389,0.1754352243268072,0.0004584594479902,0.0028162508947969,control_higher
k__Bacteria|p__Firmicutes|c__Bacilli|o__Bacillales|f__Bacillales_unclassified|g__Gemella|s__Gemella_haemolysans,Gemella,Gemella haemolysans,701,694,0.2967189728958631,0.1974063400576368,0.0,0.0,0.0,0.4552178379985373,0.1350735096036504,0.0007512757983199,0.004522680305886,CRC_higher
k__Bacteria|p__Firmicutes|c__Bacilli|o__Lactobacillales|f__Lactobacillaceae|g__Lactobacillus|s__Lactobacillus_delbrueckii,Lactobacillus,Lactobacillus delbrueckii,701,694,0.0684736091298145,0.0979827089337175,0.0,0.0,0.0,-0.3250606314970758,0.0973392393197485,0.0008394101848803,0.0049541659931176,control_higher
k__Bacteria|p__Proteobacteria|c__Gammaproteobacteria|o__Pasteurellales|f__Pasteurellaceae|g__Haemophilus|s__Haemophilus_parainfluenzae,Haemophilus,Haemophilus parainfluenzae,701,694,0.4593437945791726,0.5057636887608069,0.0,0.000845,-0.000845,-0.6416080850142403,0.1941038523571956,0.0009481093677228,0.005418308201165,control_higher
k__Bacteria|p__Firmicutes|c__Clostridia|o__Clostridiales|f__Lachnospiraceae|g__Blautia|s__Blautia_producta,Blautia,Blautia producta,701,694,0.1255349500713266,0.1628242074927954,0.0,0.0,0.0,-0.4297237689567928,0.1300720431112011,0.0009540542679792,0.005418308201165,control_higher
k__Bacteria|p__Proteobacteria|c__Gammaproteobacteria|o__Enterobacterales|f__Enterobacteriaceae|g__Escherichia|s__Escherichia_coli,Escherichia,Escherichia coli,701,694,0.7546362339514978,0.6671469740634006,0.09856,0.03879,0.05977,0.7885342499104881,0.2396522616551729,0.0010007110043727,0.005578037265115,CRC_higher
k__Bacteria|p__Actinobacteria|c__Coriobacteriia|o__Eggerthellales|f__Eggerthellaceae|g__Adlercreutzia|s__Adlercreutzia_equolifaciens,Adlercreutzia,Adlercreutzia equolifaciens,701,694,0.557774607703281,0.600864553314121,0.00311,0.0085,-0.00539,-0.5973791872842259,0.1830591137639929,0.0011011782531264,0.0060264482580191,control_higher
k__Bacteria|p__Firmicutes|c__Clostridia|o__Clostridiales|f__Clostridiaceae|g__Lactonifactor|s__Lactonifactor_longoviformis,Lactonifactor,Lactonifactor longoviformis,701,694,0.0756062767475035,0.0893371757925072,0.0,0.0,0.0,-0.2678334076841589,0.0831867647289315,0.0012834105554466,0.0068983317355256,control_higher
k__Bacteria|p__Firmicutes|c__Clostridia|o__Clostridiales|f__Ruminococcaceae|g__Pseudoflavonifractor|s__Pseudoflavonifractor_capillosus,Pseudoflavonifractor,Pseudoflavonifractor capillosus,701,694,0.0841654778887303,0.0965417867435158,0.0,0.0,0.0,-0.2835432810300397,0.0884358805447922,0.0013449962000413,0.0071025237932005,control_higher
k__Bacteria|p__Actinobacteria|c__Coriobacteriia|o__Coriobacteriales|f__Atopobiaceae|g__Atopobium|s__Atopobium_parvulum,Atopobium,Atopobium parvulum,701,694,0.1554921540656205,0.0677233429394812,0.0,0.0,0.0,0.2937655987892299,0.0921013514276277,0.0014247450412915,0.0073939354729096,CRC_higher
k__Bacteria|p__Firmicutes|c__Erysipelotrichia|o__Erysipelotrichales|f__Erysipelotrichaceae|g__Holdemania|s__Holdemania_filiformis,Holdemania,Holdemania filiformis,701,694,0.477888730385164,0.3804034582132565,0.0,0.0,0.0,0.5348556244663206,0.1687156361996347,0.0015235482240618,0.0077726782278407,CRC_higher
k__Bacteria|p__Firmicutes|c__Clostridia|o__Clostridiales|f__Lachnospiraceae|g__Fusicatenibacter|s__Fusicatenibacter_saccharivorans,Fusicatenibacter,Fusicatenibacter saccharivorans,701,694,0.8288159771754636,0.8472622478386167,0.43861,0.61121,-0.1726,-0.57937391766472,0.184700609835172,0.0017078668631315,0.0085677987633764,control_higher
k__Bacteria|p__Firmicutes|c__Erysipelotrichia|o__Erysipelotrichales|f__Erysipelotrichaceae|g__Turicibacter|s__Turicibacter_sanguinis,Turicibacter,Turicibacter sanguinis,701,694,0.2139800285306704,0.2622478386167147,0.0,0.0,0.0,-0.5053573791314576,0.1621641658940555,0.0018311598655652,0.0089713334767512,control_higher
k__Bacteria|p__Actinobacteria|c__Actinobacteria|o__Bifidobacteriales|f__Bifidobacteriaceae|g__Bifidobacterium|s__Bifidobacterium_pseudocatenulatum,Bifidobacterium,Bifidobacterium pseudocatenulatum,701,694,0.4194008559201141,0.4582132564841498,0.0,0.0,0.0,-0.75014228723353,0.2409209302198867,0.0018479158656431,0.0089713334767512,control_higher
k__Bacteria|p__Bacteroidetes|c__Bacteroidia|o__Bacteroidales|f__Prevotellaceae|g__Prevotella|s__Prevotella_stercorea,Prevotella,Prevotella stercorea,701,694,0.1825962910128388,0.1023054755043227,0.0,0.0,0.0,0.5652543068933465,0.1821958108541272,0.0019192271528308,0.0091696408413027,CRC_higher
k__Bacteria|p__Firmicutes|c__Clostridia|o__Clostridiales|f__Ruminococcaceae|g__Ruminococcus|s__Ruminococcus_lactaris,Ruminococcus,Ruminococcus lactaris,701,694,0.3281027104136947,0.3890489913544668,0.0,0.0,0.0,-0.7158501231598261,0.2338707680318301,0.0022068825808709,0.0103792446381589,control_higher
k__Bacteria|p__Firmicutes|c__Clostridia|o__Clostridiales|f__Lachnospiraceae|g__Anaerostipes|s__Anaerostipes_caccae,Anaerostipes,Anaerostipes caccae,701,694,0.0499286733238231,0.0605187319884726,0.0,0.0,0.0,-0.2614173713053727,0.0866114382145218,0.0025421584642335,0.0117721491959124,control_higher
k__Bacteria|p__Proteobacteria|c__Betaproteobacteria|o__Burkholderiales|f__Sutterellaceae|g__Parasutterella|s__Parasutterella_excrementihominis,Parasutterella,Parasutterella excrementihominis,701,694,0.4022824536376604,0.4452449567723343,0.0,0.0,0.0,-0.6407242442972728,0.2148528280692279,0.0028622787771186,0.0129833258484206,control_higher
k__Bacteria|p__Firmicutes|c__Bacilli|o__Lactobacillales|f__Lactobacillaceae|g__Lactobacillus|s__Lactobacillus_rogosae,Lactobacillus,Lactobacillus rogosae,701,694,0.2439372325249643,0.276657060518732,0.0,0.0,0.0,-0.4618512064471073,0.1554106412536812,0.0029604791680209,0.0129833258484206,control_higher
k__Bacteria|p__Firmicutes|c__Bacilli|o__Lactobacillales|f__Streptococcaceae|g__Streptococcus|s__Streptococcus_mitis,Streptococcus,Streptococcus mitis,701,694,0.5049928673323824,0.4293948126801152,0.00044,0.0,0.00044,0.5143401722126136,0.1732605366609304,0.0029916568152024,0.0129833258484206,CRC_higher
k__Bacteria|p__Firmicutes|c__Clostridia|o__Clostridiales|f__Lachnospiraceae|g__Blautia|s__Blautia_wexlerae,Blautia,Blautia wexlerae,701,694,0.8630527817403709,0.8760806916426513,0.07732,0.1041,-0.0267799999999999,-0.4456112486249335,0.1501222462271326,0.0029942993750004,0.0129833258484206,control_higher
k__Bacteria|p__Actinobacteria|c__Actinobacteria|o__Bifidobacteriales|f__Bifidobacteriaceae|g__Bifidobacterium|s__Bifidobacterium_bifidum,Bifidobacterium,Bifidobacterium bifidum,701,694,0.1968616262482168,0.2449567723342939,0.0,0.0,0.0,-0.6404619720679334,0.2159521904135428,0.0030193781042838,0.0129833258484206,control_higher
k__Bacteria|p__Firmicutes|c__Clostridia|o__Clostridiales|f__Lachnospiraceae|g__Lachnoclostridium|s__Clostridium_bolteae,Lachnoclostridium,Clostridium bolteae,701,694,0.6718972895863052,0.5720461095100865,0.01115,0.0035849999999999,0.007565,0.5502677803936538,0.1872850627630269,0.0033019899438957,0.0138234367469061,CRC_higher
k__Bacteria|p__Proteobacteria|c__Deltaproteobacteria|o__Desulfovibrionales|f__Desulfovibrionaceae|g__Bilophila|s__Bilophila_wadsworthia,Bilophila,Bilophila wadsworthia,701,694,0.6904422253922967,0.6080691642651297,0.02417,0.007035,0.017135,0.5222718070673509,0.1782970260361147,0.0033981018267144,0.0138234367469061,CRC_higher
k__Bacteria|p__Firmicutes|c__Clostridia|o__Clostridiales|f__Clostridiaceae|g__Clostridium|s__Clostridium_paraputrificum,Clostridium,Clostridium paraputrificum,701,694,0.0627674750356633,0.0720461095100864,0.0,0.0,0.0,-0.2955213929396312,0.1009744548794551,0.0034258509472209,0.0138234367469061,control_higher
k__Bacteria|p__Firmicutes|c__Clostridia|o__Clostridiales|f__Lachnospiraceae|g__Lachnospira|s__Lachnospira_pectinoschiza,Lachnospira,Lachnospira pectinoschiza,701,694,0.4279600570613409,0.4524495677233429,0.0,0.0,0.0,-0.7553823912722767,0.2582362058962501,0.0034427842644786,0.0138234367469061,control_higher
k__Bacteria|p__Firmicutes|c__Clostridia|o__Clostridiales|f__Eubacteriaceae|g__Eubacterium|s__Eubacterium_hallii,Eubacterium,Eubacterium hallii,701,694,0.7788873038516405,0.8097982708933718,0.1062,0.12623,-0.02003,-0.4830949370175539,0.1651597220380347,0.0034443779269699,0.0138234367469061,control_higher
k__Bacteria|p__Firmicutes|c__Firmicutes_unclassified|o__Firmicutes_unclassified|f__Firmicutes_unclassified|g__Firmicutes_unclassified|s__Firmicutes_bacterium_CAG_110,Firmicutes_unclassified,Firmicutes bacterium CAG 110,701,694,0.2938659058487874,0.3414985590778098,0.0,0.0,0.0,-0.5825844891064867,0.2013548985070895,0.0038119069762219,0.0150971578926686,control_higher
k__Bacteria|p__Bacteroidetes|c__Bacteroidia|o__Bacteroidales|f__Prevotellaceae|g__Prevotella|s__Prevotella_sp_CAG_520,Prevotella,Prevotella sp CAG 520,701,694,0.1169757489300998,0.0619596541786743,0.0,0.0,0.0,0.4645887979279156,0.1616767741479851,0.0040586692769907,0.015865707173691,CRC_higher
k__Bacteria|p__Firmicutes|c__Erysipelotrichia|o__Erysipelotrichales|f__Erysipelotrichaceae|g__Massiliomicrobiota|s__Massiliomicrobiota_timonensis,Massiliomicrobiota,Massiliomicrobiota timonensis,701,694,0.0855920114122681,0.1109510086455331,0.0,0.0,0.0,-0.2916205645202503,0.102347838491366,0.004381437539713,0.0169078551212005,control_higher
k__Bacteria|p__Bacteroidetes|c__Bacteroidia|o__Bacteroidales|f__Rikenellaceae|g__Alistipes|s__Alistipes_shahii,Alistipes,Alistipes shahii,701,694,0.6790299572039943,0.6066282420749279,0.03901,0.01554,0.02347,0.5561983735030418,0.1960554884690098,0.0045547649607929,0.0173542310531477,CRC_higher
k__Bacteria|p__Firmicutes|c__Bacilli|o__Lactobacillales|f__Streptococcaceae|g__Streptococcus|s__Streptococcus_australis,Streptococcus,Streptococcus australis,701,694,0.2667617689015691,0.2997118155619596,0.0,0.0,0.0,-0.4117414388841906,0.14861970123909,0.0055981221648707,0.0210112553227871,control_higher
k__Bacteria|p__Bacteroidetes|c__Bacteroidia|o__Bacteroidales|f__Tannerellaceae|g__Parabacteroides|s__Parabacteroides_distasonis,Parabacteroides,Parabacteroides distasonis,701,694,0.8758915834522111,0.8198847262247838,0.92606,0.5961799999999999,0.32988,0.5343912388985959,0.1931169807850888,0.0056541916317134,0.0210112553227871,CRC_higher
k__Bacteria|p__Proteobacteria|c__Betaproteobacteria|o__Burkholderiales|f__Sutterellaceae|g__Sutterella|s__Sutterella_parvirubra,Sutterella,Sutterella parvirubra,701,694,0.2924393723252496,0.207492795389049,0.0,0.0,0.0,0.432047999487606,0.1578997849872584,0.0062150118566,0.0228136410833732,CRC_higher
k__Bacteria|p__Firmicutes|c__Clostridia|o__Clostridiales|f__Eubacteriaceae|g__Eubacterium|s__Eubacterium_sp_CAG_274,Eubacterium,Eubacterium sp CAG 274,701,694,0.2425106990014265,0.2694524495677233,0.0,0.0,0.0,-0.5379134088971602,0.197194426819011,0.0063751929202599,0.0231196755300993,control_higher
k__Bacteria|p__Firmicutes|c__Clostridia|o__Clostridiales|f__Clostridiaceae|g__Butyricicoccus|s__Butyricicoccus_pullicaecorum,Butyricicoccus,Butyricicoccus pullicaecorum,701,694,0.0456490727532097,0.0576368876080691,0.0,0.0,0.0,-0.2829877279439234,0.1039622187966167,0.006488329177465,0.0232498462192497,control_higher
k__Bacteria|p__Firmicutes|c__Clostridia|o__Clostridiales|f__Lachnospiraceae|g__Coprococcus|s__Coprococcus_eutactus,Coprococcus,Coprococcus eutactus,701,694,0.2154065620542082,0.2521613832853026,0.0,0.0,0.0,-0.5673237729006548,0.2110381038327971,0.0071826996406151,0.0254258527996189,control_higher
k__Bacteria|p__Firmicutes|c__Negativicutes|o__Acidaminococcales|f__Acidaminococcaceae|g__Phascolarctobacterium|s__Phascolarctobacterium_sp_CAG_266,Phascolarctobacterium,Phascolarctobacterium sp CAG 266,701,694,0.0841654778887303,0.1037463976945245,0.0,0.0,0.0,-0.405307936272664,0.1509825805524221,0.0072645293713196,0.0254258527996189,control_higher
k__Bacteria|p__Actinobacteria|c__Actinobacteria|o__Bifidobacteriales|f__Bifidobacteriaceae|g__Bifidobacterium|s__Bifidobacterium_adolescentis,Bifidobacterium,Bifidobacterium adolescentis,701,694,0.5606276747503567,0.5979827089337176,0.01839,0.050535,-0.0321449999999999,-0.7213567245575883,0.2692931014783708,0.0073907518888161,0.0255703025118813,control_higher
k__Bacteria|p__Firmicutes|c__Clostridia|o__Clostridiales|f__Ruminococcaceae|g__Gemmiger|s__Gemmiger_formicilis,Gemmiger,Gemmiger formicilis,701,694,0.6861626248216833,0.7132564841498559,0.03893,0.05934,-0.02041,-0.509791073300013,0.1928699958000202,0.0082130155070842,0.028092246223095,control_higher
k__Bacteria|p__Bacteroidetes|c__Bacteroidia|o__Bacteroidales|f__Rikenellaceae|g__Alistipes|s__Alistipes_indistinctus,Alistipes,Alistipes indistinctus,701,694,0.4222539229671897,0.3443804034582132,0.0,0.0,0.0,0.4869417772636453,0.1847774012762283,0.0084065775259762,0.0284312341047062,CRC_higher
k__Bacteria|p__Bacteroidetes|c__Bacteroidia|o__Bacteroidales|f__Bacteroidaceae|g__Bacteroides|s__Bacteroides_caccae,Bacteroides,Bacteroides caccae,701,694,0.6619115549215406,0.5821325648414986,0.19641,0.07755,0.11886,0.6707286365663327,0.2555718201551281,0.0086795842168403,0.0288955108517203,CRC_higher
k__Bacteria|p__Actinobacteria|c__Coriobacteriia|o__Coriobacteriales|f__Coriobacteriaceae|g__Collinsella|s__Collinsella_aerofaciens,Collinsella,Collinsella aerofaciens,701,694,0.8644793152639088,0.8069164265129684,0.8783,0.7478549999999999,0.130445,0.5624759392954852,0.2145035592578107,0.0087358521179619,0.0288955108517203,CRC_higher
k__Bacteria|p__Firmicutes|c__Negativicutes|o__Selenomonadales|f__Selenomonadaceae|g__Mitsuokella|s__Mitsuokella_jalaludinii,Mitsuokella,Mitsuokella jalaludinii,701,694,0.0613409415121255,0.063400576368876,0.0,0.0,0.0,-0.2680667759778484,0.1024417623621676,0.0088765507658291,0.0290417584838541,control_higher
k__Bacteria|p__Actinobacteria|c__Actinobacteria|o__Micrococcales|f__Micrococcaceae|g__Rothia|s__Rothia_mucilaginosa,Rothia,Rothia mucilaginosa,701,694,0.3580599144079885,0.4048991354466859,0.0,0.0,0.0,-0.4156758905957179,0.1592246534268398,0.0090376886884763,0.0292299695738151,control_higher
k__Bacteria|p__Firmicutes|c__Clostridia|o__Clostridiales|f__Ruminococcaceae|g__Ruminococcaceae_unclassified|s__Ruminococcaceae_bacterium_D5,Ruminococcaceae_unclassified,Ruminococcaceae bacterium D5,701,694,0.2054208273894436,0.1469740634005763,0.0,0.0,0.0,0.3628490881237715,0.1391713292859473,0.0091282961459755,0.0292299695738151,CRC_higher
k__Bacteria|p__Actinobacteria|c__Coriobacteriia|o__Eggerthellales|f__Eggerthellaceae|g__Enterorhabdus|s__Enterorhabdus_caecimuris,Enterorhabdus,Enterorhabdus caecimuris,701,694,0.3266761768901569,0.3328530259365994,0.0,0.0,0.0,-0.260122811575511,0.099917195214222,0.0092308541689659,0.0292472326827235,control_higher
k__Bacteria|p__Firmicutes|c__Bacilli|o__Lactobacillales|f__Streptococcaceae|g__Streptococcus|s__Streptococcus_sp_A12,Streptococcus,Streptococcus sp A12,701,694,0.1911554921540656,0.207492795389049,0.0,0.0,0.0,-0.3011288518592483,0.1181102120833276,0.0107859527022372,0.033818455868473,control_higher
k__Bacteria|p__Firmicutes|c__Clostridia|o__Clostridiales|f__Catabacteriaceae|g__Catabacter|s__Catabacter_hongkongensis,Catabacter,Catabacter hongkongensis,701,694,0.1968616262482168,0.1210374639769452,0.0,0.0,0.0,0.2829826085696876,0.1115888643046026,0.0112146107336913,0.0347999776375369,CRC_higher
k__Bacteria|p__Actinobacteria|c__Actinobacteria|o__Bifidobacteriales|f__Bifidobacteriaceae|g__Bifidobacterium|s__Bifidobacterium_longum,Bifidobacterium,Bifidobacterium longum,701,694,0.7817403708987162,0.7939481268011528,0.20333,0.38721,-0.18388,-0.5718632771790351,0.2264066221156543,0.0115427295216708,0.035452669245132,control_higher
k__Bacteria|p__Firmicutes|c__Clostridia|o__Clostridiales|f__Ruminococcaceae|g__Agathobaculum|s__Agathobaculum_butyriciproducens,Agathobaculum,Agathobaculum butyriciproducens,701,694,0.8487874465049928,0.8544668587896254,0.18666,0.20454,-0.01788,-0.4122093481687596,0.1640722840520019,0.0119925219403083,0.0364621121619475,control_higher
k__Bacteria|p__Verrucomicrobia|c__Verrucomicrobiae|o__Verrucomicrobiales|f__Akkermansiaceae|g__Akkermansia|s__Akkermansia_muciniphila,Akkermansia,Akkermansia muciniphila,701,694,0.543509272467903,0.4855907780979827,0.00444,0.0,0.00444,0.6222903807663541,0.2506734099416028,0.0130473358078066,0.039272480781498,CRC_higher
k__Bacteria|p__Synergistetes|c__Synergistia|o__Synergistales|f__Synergistaceae|g__Cloacibacillus|s__Cloacibacillus_evryensis,Cloacibacillus,Cloacibacillus evryensis,701,694,0.1098430813124108,0.0518731988472622,0.0,0.0,0.0,0.2453478181826055,0.1007262807583457,0.0148594099454079,0.0442839840947304,CRC_higher
k__Bacteria|p__Actinobacteria|c__Coriobacteriia|o__Coriobacteriales|f__Coriobacteriaceae|g__Collinsella|s__Collinsella_stercoris,Collinsella,Collinsella stercoris,701,694,0.7218259629101283,0.6527377521613833,0.0079,0.004605,0.003295,0.3601091030731851,0.1486285921999963,0.0153980521565292,0.0454393499913266,CRC_higher
k__Bacteria|p__Firmicutes|c__Clostridia|o__Clostridiales|f__Lachnospiraceae|g__Anaerotignum|s__Anaerotignum_lactatifermentans,Anaerotignum,Anaerotignum lactatifermentans,701,694,0.2496433666191155,0.1729106628242075,0.0,0.0,0.0,0.4493639699501204,0.1858897594788063,0.0156331998160858,0.0456853703363286,CRC_higher
k__Bacteria|p__Firmicutes|c__Clostridia|o__Clostridiales|f__Lachnospiraceae|g__Roseburia|s__Roseburia_sp_CAG_182,Roseburia,Roseburia sp CAG 182,701,694,0.0584878744650499,0.0677233429394812,0.0,0.0,0.0,-0.2388334458096767,0.0993279517281709,0.0161948801624178,0.0466614732524879,control_higher
k__Bacteria|p__Bacteroidetes|c__Bacteroidia|o__Bacteroidales|f__Bacteroidaceae|g__Bacteroides|s__Bacteroides_thetaiotaomicron,Bacteroides,Bacteroides thetaiotaomicron,701,694,0.8487874465049928,0.7939481268011528,0.4365,0.25547,0.18103,0.4704438106342941,0.1958029727905197,0.016277258111333,0.0466614732524879,CRC_higher
k__Bacteria|p__Firmicutes|c__Bacilli|o__Lactobacillales|f__Streptococcaceae|g__Streptococcus|s__Streptococcus_sp_F0442,Streptococcus,Streptococcus sp F0442,701,694,0.0884450784593438,0.0878962536023054,0.0,0.0,0.0,-0.1914768663374457,0.0805568731019699,0.0174580951420125,0.0493942878954796,control_higher
k__Bacteria|p__Firmicutes|c__Clostridia|o__Clostridiales|f__Eubacteriaceae|g__Eubacterium|s__Eubacterium_sp_CAG_180,Eubacterium,Eubacterium sp CAG 180,701,694,0.4336661911554921,0.3530259365994236,0.0,0.0,0.0,0.6425211902378775,0.270558753742569,0.0175587667934097,0.0493942878954796,CRC_higher
k__Bacteria|p__Firmicutes|c__Bacilli|o__Lactobacillales|f__Enterococcaceae|g__Enterococcus|s__Enterococcus_faecium,Enterococcus,Enterococcus faecium,701,694,0.0870185449358059,0.1037463976945245,0.0,0.0,0.0,-0.2889362214893591,0.1236540486316641,0.0194573950887287,0.0542284807565494,control_higher
k__Bacteria|p__Firmicutes|c__Clostridia|o__Clostridiales|f__Lachnospiraceae|g__Dorea|s__Dorea_sp_CAG_317,Dorea,Dorea sp CAG 317,701,694,0.1412268188302425,0.170028818443804,0.0,0.0,0.0,-0.354027167703697,0.1520249566122681,0.0198726448620333,0.0548776706740554,control_higher
k__Bacteria|p__Firmicutes|c__Clostridia|o__Clostridiales|f__Lachnospiraceae|g__Roseburia|s__Roseburia_inulinivorans,Roseburia,Roseburia inulinivorans,701,694,0.7931526390870185,0.8112391930835735,0.2949,0.38983,-0.09493,-0.4933970213198978,0.2150386751553356,0.0217642548569105,0.0595549155630006,control_higher
k__Bacteria|p__Firmicutes|c__Clostridia|o__Clostridiales|f__Christensenellaceae|g__Christensenella|s__Christensenella_minuta,Christensenella,Christensenella minuta,701,694,0.18830242510699,0.1239193083573487,0.0,0.0,0.0,0.2572712948001653,0.1124646176176106,0.0221622587233947,0.0600976565382144,CRC_higher
k__Bacteria|p__Synergistetes|c__Synergistia|o__Synergistales|f__Synergistaceae|g__Fretibacterium|s__Fretibacterium_fastidiosum,Fretibacterium,Fretibacterium fastidiosum,701,694,0.1326676176890157,0.0605187319884726,0.0,0.0,0.0,0.1731924524406869,0.0760786398212235,0.0228165493991178,0.0612842066890756,CRC_higher
k__Bacteria|p__Firmicutes|c__Clostridia|o__Clostridiales|f__Ruminococcaceae|g__Pseudoflavonifractor|s__Pseudoflavonifractor_sp_An184,Pseudoflavonifractor,Pseudoflavonifractor sp An184,701,694,0.1497860199714693,0.0951008645533141,0.0,0.0,0.0,0.2658705071652096,0.1169526283875361,0.0230070277603506,0.0612842066890756,CRC_higher
k__Bacteria|p__Firmicutes|c__Negativicutes|o__Veillonellales|f__Veillonellaceae|g__Veillonella|s__Veillonella_rogosae,Veillonella,Veillonella rogosae,701,694,0.0699001426533523,0.0605187319884726,0.0,0.0,0.0,-0.1739269150339135,0.0777920013082714,0.025365246873425,0.0669731518324643,control_higher
k__Bacteria|p__Bacteroidetes|c__Bacteroidia|o__Bacteroidales|f__Tannerellaceae|g__Parabacteroides|s__Parabacteroides_merdae,Parabacteroides,Parabacteroides merdae,701,694,0.7318116975748931,0.6628242074927954,0.45139,0.2506649999999999,0.200725,0.5456536512634292,0.2460190904465126,0.0265594587218533,0.069516496306764,CRC_higher
k__Bacteria|p__Bacteroidetes|c__Bacteroidia|o__Bacteroidales|f__Bacteroidaceae|g__Bacteroides|s__Bacteroides_plebeius,Bacteroides,Bacteroides plebeius,701,694,0.4022824536376604,0.3040345821325648,0.0,0.0,0.0,0.5926835780240066,0.2725960722953346,0.0296886870841516,0.0770370242442211,CRC_higher
k__Bacteria|p__Firmicutes|c__Clostridia|o__Clostridiales|f__Clostridiaceae|g__Clostridium|s__Clostridium_sp_CAG_299,Clostridium,Clostridium sp CAG 299,701,694,0.1069900142653352,0.1138328530259366,0.0,0.0,0.0,-0.3099943722990667,0.1429404902830782,0.0301058229417316,0.0774517325253096,control_higher
k__Bacteria|p__Firmicutes|c__Clostridia|o__Clostridiales|f__Clostridiaceae|g__Clostridium|s__Clostridium_sp_CAG_58,Clostridium,Clostridium sp CAG 58,701,694,0.4322396576319544,0.3746397694524496,0.0,0.0,0.0,0.4679572334760354,0.217241657838408,0.0312334211268084,0.0796716928743165,CRC_higher
k__Bacteria|p__Actinobacteria|c__Actinobacteria|o__Actinomycetales|f__Actinomycetaceae|g__Actinomyces|s__Actinomyces_sp_HMSC035G02,Actinomyces,Actinomyces sp HMSC035G02,701,694,0.2667617689015691,0.2017291066282421,0.0,0.0,0.0,0.2434704860447492,0.1136378353402798,0.0321522615173387,0.0813263085438568,CRC_higher
k__Bacteria|p__Firmicutes|c__Clostridia|o__Clostridiales|f__Lachnospiraceae|g__Blautia|s__Ruminococcus_gnavus,Blautia,Ruminococcus gnavus,701,694,0.7346647646219686,0.6671469740634006,0.07598,0.04281,0.03317,0.505057310525726,0.2386327730628651,0.0343054930792937,0.0856313490595007,CRC_higher
k__Bacteria|p__Firmicutes|c__Clostridia|o__Clostridiales|f__Lachnospiraceae|g__Roseburia|s__Roseburia_hominis,Roseburia,Roseburia hominis,701,694,0.6947218259629101,0.7118155619596542,0.04009,0.055285,-0.015195,-0.4414659926584166,0.2087231910814601,0.0344232333428557,0.0856313490595007,control_higher
k__Bacteria|p__Firmicutes|c__Clostridia|o__Clostridiales|f__Lachnospiraceae|g__Lachnoclostridium|s__Clostridium_citroniae,Lachnoclostridium,Clostridium citroniae,701,694,0.5620542082738944,0.4769452449567723,0.00321,0.0,0.00321,0.3559699095579067,0.170948594307387,0.0373131260423236,0.0920594339240935,CRC_higher
k__Bacteria|p__Bacteroidetes|c__Bacteroidia|o__Bacteroidales|f__Rikenellaceae|g__Alistipes|s__Alistipes_finegoldii,Alistipes,Alistipes finegoldii,701,694,0.6776034236804565,0.6397694524495677,0.03015,0.01691,0.0132399999999999,0.4281603068278989,0.2066537466170715,0.0382772915715491,0.0936704452279373,CRC_higher
k__Bacteria|p__Firmicutes|c__Clostridia|o__Clostridiales|f__Eubacteriaceae|g__Eubacterium|s__Eubacterium_sp_OM08_24,Eubacterium,Eubacterium sp OM08 24,701,694,0.0770328102710413,0.0806916426512968,0.0,0.0,0.0,-0.2028959248749993,0.098449716721247,0.0393117054203043,0.0954259946089645,control_higher
k__Bacteria|p__Firmicutes|c__Firmicutes_unclassified|o__Firmicutes_unclassified|f__Firmicutes_unclassified|g__Firmicutes_unclassified|s__Firmicutes_bacterium_CAG_170,Firmicutes_unclassified,Firmicutes bacterium CAG 170,701,694,0.1440798858773181,0.1642651296829971,0.0,0.0,0.0,-0.294843289787361,0.1452464070030797,0.0423613798442026,0.1020062026648398,control_higher
k__Bacteria|p__Firmicutes|c__Clostridia|o__Clostridiales|f__Ruminococcaceae|g__Harryflintia|s__Harryflintia_acetispora,Harryflintia,Harryflintia acetispora,701,694,0.1897289586305278,0.1253602305475504,0.0,0.0,0.0,0.2191155454023142,0.1089013369839677,0.0442140758588772,0.1056225145517623,CRC_higher
k__Bacteria|p__Bacteroidetes|c__Bacteroidia|o__Bacteroidales|f__Odoribacteraceae|g__Odoribacter|s__Odoribacter_splanchnicus,Odoribacter,Odoribacter splanchnicus,701,694,0.7417974322396577,0.7132564841498559,0.23921,0.13071,0.1085,0.4079648871108123,0.2045437494659417,0.0460961703089512,0.1092515532519238,CRC_higher
k__Bacteria|p__Proteobacteria|c__Betaproteobacteria|o__Burkholderiales|f__Oxalobacteraceae|g__Oxalobacter|s__Oxalobacter_formigenes,Oxalobacter,Oxalobacter formigenes,701,694,0.0699001426533523,0.0590778097982708,0.0,0.0,0.0,-0.1891904774556505,0.095193550903004,0.0468748140964304,0.1102290550236372,control_higher
k__Bacteria|p__Bacteroidetes|c__Bacteroidia|o__Bacteroidales|f__Tannerellaceae|g__Parabacteroides|s__Parabacteroides_gordonii,Parabacteroides,Parabacteroides gordonii,701,694,0.0656205420827389,0.0489913544668587,0.0,0.0,0.0,-0.1588156373228677,0.0805389070618875,0.048619653149145,0.113445857348005,control_higher
k__Bacteria|p__Firmicutes|c__Clostridia|o__Clostridiales|f__Lachnospiraceae|g__Roseburia|s__Roseburia_sp_CAG_471,Roseburia,Roseburia sp CAG 471,701,694,0.3523537803138373,0.3645533141210375,0.0,0.0,0.0,-0.3123970194458224,0.1587985053237622,0.0491539174569836,0.1134547520482019,control_higher
k__Bacteria|p__Bacteroidetes|c__Bacteroidia|o__Bacteroidales|f__Odoribacteraceae|g__Butyricimonas|s__Butyricimonas_synergistica,Butyricimonas,Butyricimonas synergistica,701,694,0.3894436519258202,0.3198847262247838,0.0,0.0,0.0,0.3348272310341271,0.1704472353788869,0.0494832592985343,0.1134547520482019,CRC_higher
k__Bacteria|p__Firmicutes|c__Negativicutes|o__Veillonellales|f__Veillonellaceae|g__Megasphaera|s__Megasphaera_elsdenii,Megasphaera,Megasphaera elsdenii,701,694,0.1326676176890157,0.1412103746397694,0.0,0.0,0.0,-0.3224961737616651,0.1645747416826984,0.0500457528196054,0.1134547520482019,control_higher
k__Bacteria|p__Bacteroidetes|c__Bacteroidia|o__Bacteroidales|f__Bacteroidaceae|g__Bacteroides|s__Bacteroides_dorei,Bacteroides,Bacteroides dorei,701,694,0.6248216833095578,0.6527377521613833,0.03483,0.0839,-0.04907,-0.5254098786917073,0.2682245916030109,0.0501311695096706,0.1134547520482019,control_higher
k__Bacteria|p__Firmicutes|c__Negativicutes|o__Selenomonadales|f__Selenomonadaceae|g__Mitsuokella|s__Mitsuokella_multacida,Mitsuokella,Mitsuokella multacida,701,694,0.0870185449358059,0.0965417867435158,0.0,0.0,0.0,-0.273727329776451,0.1404575462430536,0.0513161976685525,0.1152699664047336,control_higher
k__Bacteria|p__Fusobacteria|c__Fusobacteriia|o__Fusobacteriales|f__Fusobacteriaceae|g__Fusobacterium|s__Fusobacterium_mortiferum,Fusobacterium,Fusobacterium mortiferum,701,694,0.1597717546362339,0.0922190201729106,0.0,0.0,0.0,0.3293967323363796,0.1712809468397534,0.0544628422412805,0.1214319667750032,CRC_higher
k__Bacteria|p__Bacteroidetes|c__Bacteroidia|o__Bacteroidales|f__Tannerellaceae|g__Parabacteroides|s__Parabacteroides_goldsteinii,Parabacteroides,Parabacteroides goldsteinii,701,694,0.3309557774607703,0.260806916426513,0.0,0.0,0.0,0.3512320880527906,0.1854989683080949,0.0582987201740516,0.1287369874969643,CRC_higher
k__Bacteria|p__Firmicutes|c__Erysipelotrichia|o__Erysipelotrichales|f__Erysipelotrichaceae|g__Erysipelatoclostridium|s__Clostridium_spiroforme,Erysipelatoclostridium,Clostridium spiroforme,701,694,0.2724679029957204,0.2910662824207493,0.0,0.0,0.0,-0.3147559528670122,0.1664298417509317,0.0585945757045983,0.1287369874969643,control_higher
k__Bacteria|p__Bacteroidetes|c__Bacteroidia|o__Bacteroidales|f__Bacteroidaceae|g__Bacteroides|s__Bacteroides_cellulosilyticus,Bacteroides,Bacteroides cellulosilyticus,701,694,0.5007132667617689,0.4481268011527377,0.00018,0.0,0.00018,0.4258555249982125,0.2291461046820013,0.0631057896936598,0.1376437876651565,CRC_higher
k__Bacteria|p__Firmicutes|c__Erysipelotrichia|o__Erysipelotrichales|f__Erysipelotrichaceae|g__Dielma|s__Dielma_fastidiosa,Dielma,Dielma fastidiosa,701,694,0.209700427960057,0.1469740634005763,0.0,0.0,0.0,0.2312007633507908,0.1250148064485479,0.0644019448930284,0.1392974628973854,CRC_higher
k__Bacteria|p__Firmicutes|c__Clostridia|o__Clostridiales|f__Ruminococcaceae|g__Ruminococcaceae_unclassified|s__Clostridium_leptum,Ruminococcaceae_unclassified,Clostridium leptum,701,694,0.6490727532097005,0.6181556195965417,0.00722,0.00492,0.0023,0.3257015667535469,0.1765711362596042,0.065097025908142,0.1392974628973854,CRC_higher
k__Bacteria|p__Firmicutes|c__Clostridia|o__Clostridiales|f__Lachnospiraceae|g__Lachnoclostridium|s__Clostridium_scindens,Lachnoclostridium,Clostridium scindens,701,694,0.1783166904422254,0.1023054755043227,0.0,0.0,0.0,0.2106691926592523,0.114639638404005,0.0661118594747076,0.1392974628973854,CRC_higher
k__Bacteria|p__Firmicutes|c__Clostridia|o__Clostridiales|f__Lachnospiraceae|g__Lachnospiraceae_unclassified|s__Eubacterium_rectale,Lachnospiraceae_unclassified,Eubacterium rectale,701,694,0.7574893009985735,0.7636887608069164,0.4595,0.706915,-0.2474149999999999,-0.4528816381769515,0.2465019592533883,0.0661754436796349,0.1392974628973854,control_higher
k__Bacteria|p__Actinobacteria|c__Coriobacteriia|o__Coriobacteriales|f__Coriobacteriaceae|g__Enorma|s__[Collinsella]_massiliensis,Enorma,[Collinsella] massiliensis,701,694,0.4878744650499286,0.4380403458213256,0.0,0.0,0.0,0.2060208059756847,0.1121374361410536,0.0661778644329771,0.1392974628973854,CRC_higher
k__Bacteria|p__Firmicutes|c__Clostridia|o__Clostridiales|f__Lachnospiraceae|g__Lachnoclostridium|s__Clostridium_lavalense,Lachnoclostridium,Clostridium lavalense,701,694,0.3238231098430813,0.2420749279538905,0.0,0.0,0.0,0.2710400293503734,0.1481483637475664,0.0673221148102729,0.1407219205409177,CRC_higher
k__Bacteria|p__Proteobacteria|c__Gammaproteobacteria|o__Enterobacterales|f__Enterobacteriaceae|g__Klebsiella|s__Klebsiella_variicola,Klebsiella,Klebsiella variicola,701,694,0.2054208273894436,0.207492795389049,0.0,0.0,0.0,-0.3151859836924671,0.1751774557428303,0.0719809969628918,0.1494226212815891,control_higher
k__Bacteria|p__Firmicutes|c__Clostridia|o__Clostridiales|f__Lachnospiraceae|g__Blautia|s__Blautia_coccoides,Blautia,Blautia coccoides,701,694,0.108416547788873,0.1138328530259366,0.0,0.0,0.0,-0.1945972205662715,0.1084572233368374,0.0727764410200761,0.1500391010071433,control_higher
k__Bacteria|p__Firmicutes|c__Bacilli|o__Lactobacillales|f__Lactobacillaceae|g__Lactobacillus|s__Lactobacillus_gasseri,Lactobacillus,Lactobacillus gasseri,701,694,0.0542082738944365,0.0504322766570605,0.0,0.0,0.0,-0.1424545024295677,0.0822979740015193,0.0834588960366277,0.1708920252178568,control_higher
k__Bacteria|p__Firmicutes|c__Erysipelotrichia|o__Erysipelotrichales|f__Erysipelotrichaceae|g__Holdemanella|s__Holdemanella_biformis,Holdemanella,Holdemanella biformis,701,694,0.3081312410841654,0.2449567723342939,0.0,0.0,0.0,0.3633847110279626,0.2108279821992531,0.0847787067941627,0.1724215590881282,CRC_higher
k__Bacteria|p__Firmicutes|c__Clostridia|o__Clostridiales|f__Lachnospiraceae|g__Butyrivibrio|s__Butyrivibrio_crossotus,Butyrivibrio,Butyrivibrio crossotus,701,694,0.0898716119828816,0.0864553314121037,0.0,0.0,0.0,-0.2439899149476427,0.1452233894472263,0.0929377291815716,0.1877466878097521,control_higher
k__Bacteria|p__Firmicutes|c__Firmicutes_unclassified|o__Firmicutes_unclassified|f__Firmicutes_unclassified|g__Firmicutes_unclassified|s__Firmicutes_bacterium_CAG_145,Firmicutes_unclassified,Firmicutes bacterium CAG 145,701,694,0.3737517831669044,0.3270893371757925,0.0,0.0,0.0,0.2978131223552718,0.1779867434829651,0.0942816246944171,0.1891917935534637,CRC_higher
k__Bacteria|p__Actinobacteria|c__Coriobacteriia|o__Coriobacteriales|f__Atopobiaceae|g__Atopobium|s__Atopobium_rimae,Atopobium,Atopobium rimae,701,694,0.1098430813124108,0.0547550432276657,0.0,0.0,0.0,0.1382870770793645,0.0843160272283051,0.1009834868003326,0.201298208787418,CRC_higher
k__Bacteria|p__Firmicutes|c__Bacilli|o__Lactobacillales|f__Lactobacillaceae|g__Lactobacillus|s__Lactobacillus_fermentum,Lactobacillus,Lactobacillus fermentum,701,694,0.0770328102710413,0.0677233429394812,0.0,0.0,0.0,-0.1767778153280882,0.1081050834773446,0.1019986322896701,0.2013642639320164,control_higher
k__Bacteria|p__Bacteroidetes|c__Bacteroidia|o__Bacteroidales|f__Prevotellaceae|g__Prevotella|s__Prevotella_sp_CAG_1185,Prevotella,Prevotella sp CAG 1185,701,694,0.0570613409415121,0.047550432276657,0.0,0.0,0.0,-0.1452592290572878,0.0889227417713683,0.1023545926298953,0.2013642639320164,control_higher
k__Bacteria|p__Firmicutes|c__Bacilli|o__Lactobacillales|f__Streptococcaceae|g__Streptococcus|s__Streptococcus_pasteurianus,Streptococcus,Streptococcus pasteurianus,701,694,0.0727532097004279,0.0273775216138328,0.0,0.0,0.0,0.1581353075155785,0.0974095680620655,0.1045025765698029,0.2032936427252034,CRC_higher
k__Bacteria|p__Firmicutes|c__Negativicutes|o__Veillonellales|f__Veillonellaceae|g__Veillonella|s__Veillonella_parvula,Veillonella,Veillonella parvula,701,694,0.5064194008559201,0.4639769452449567,0.00066,0.0,0.00066,0.3441707857366365,0.2121174944176768,0.1046860950910516,0.2032936427252034,CRC_higher
k__Bacteria|p__Bacteroidetes|c__Bacteroidia|o__Bacteroidales|f__Tannerellaceae|g__Parabacteroides|s__Parabacteroides_sp_CAG_409,Parabacteroides,Parabacteroides sp CAG 409,701,694,0.0613409415121255,0.0576368876080691,0.0,0.0,0.0,-0.1875533280040535,0.116148495000972,0.1063600966836651,0.2039310020188239,control_higher
k__Bacteria|p__Firmicutes|c__Clostridia|o__Clostridiales|f__Clostridiales_unclassified|g__Monoglobus|s__Monoglobus_pectinilyticus,Monoglobus,Monoglobus pectinilyticus,701,694,0.1412268188302425,0.1484149855907781,0.0,0.0,0.0,-0.2492468175163766,0.1543582664007545,0.1063693266344031,0.2039310020188239,control_higher
k__Bacteria|p__Bacteroidetes|c__Bacteroidia|o__Bacteroidales|f__Bacteroidaceae|g__Bacteroides|s__Bacteroides_intestinalis,Bacteroides,Bacteroides intestinalis,701,694,0.2339514978601997,0.239193083573487,0.0,0.0,0.0,-0.3007658281782026,0.1903793969702233,0.1141473128471603,0.2174578554873117,control_higher
k__Bacteria|p__Actinobacteria|c__Actinobacteria|o__Actinomycetales|f__Actinomycetaceae|g__Actinomyces|s__Actinomyces_sp_oral_taxon_181,Actinomyces,Actinomyces sp oral taxon 181,701,694,0.2439372325249643,0.1873198847262248,0.0,0.0,0.0,0.1862681016580433,0.1183764280951967,0.1155976313094828,0.2188357674475115,CRC_higher
k__Bacteria|p__Firmicutes|c__Clostridia|o__Clostridiales|f__Lachnospiraceae|g__Lachnoclostridium|s__Lachnoclostridium_sp_An131,Lachnoclostridium,Lachnoclostridium sp An131,701,694,0.1055634807417974,0.063400576368876,0.0,0.0,0.0,0.1396513126958209,0.0893001142438388,0.1178545638925058,0.2209299351801787,CRC_higher
k__Bacteria|p__Bacteroidetes|c__Bacteroidia|o__Bacteroidales|f__Bacteroidaceae|g__Bacteroides|s__Bacteroides_salyersiae,Bacteroides,Bacteroides salyersiae,701,694,0.2325249643366619,0.1714697406340057,0.0,0.0,0.0,0.301749064576672,0.1931202308885498,0.118171825794049,0.2209299351801787,CRC_higher
k__Bacteria|p__Fusobacteria|c__Fusobacteriia|o__Fusobacteriales|f__Fusobacteriaceae|g__Fusobacterium|s__Fusobacterium_periodonticum,Fusobacterium,Fusobacterium periodonticum,701,694,0.0855920114122681,0.0331412103746397,0.0,0.0,0.0,0.1184080576809514,0.0772211267797423,0.1251863153294166,0.2321207917863146,CRC_higher
k__Bacteria|p__Bacteroidetes|c__Bacteroidia|o__Bacteroidales|f__Barnesiellaceae|g__Coprobacter|s__Coprobacter_fastidiosus,Coprobacter,Coprobacter fastidiosus,701,694,0.289586305278174,0.30835734870317,0.0,0.0,0.0,-0.3027676070594648,0.1979792314928019,0.1261926324854603,0.2321207917863146,control_higher
k__Bacteria|p__Firmicutes|c__Clostridia|o__Clostridiales|f__Lachnospiraceae|g__Butyrivibrio|s__Butyrivibrio_sp_CAG_318,Butyrivibrio,Butyrivibrio sp CAG 318,701,694,0.0599144079885877,0.0590778097982708,0.0,0.0,0.0,-0.1790157248008983,0.1171441001035566,0.1264711290795867,0.2321207917863146,control_higher
k__Bacteria|p__Firmicutes|c__Clostridia|o__Clostridiales|f__Ruminococcaceae|g__Ruminococcaceae_unclassified|s__Ruminococcaceae_bacterium_D16,Ruminococcaceae_unclassified,Ruminococcaceae bacterium D16,701,694,0.2125534950071326,0.1512968299711815,0.0,0.0,0.0,0.1995341469410541,0.1321121804875799,0.1309570061239164,0.2379833226726563,CRC_higher
k__Bacteria|p__Firmicutes|c__Clostridia|o__Clostridiales|f__Ruminococcaceae|g__Ruminococcus|s__Ruminococcus_sp_CAG_330,Ruminococcus,Ruminococcus sp CAG 330,701,694,0.0513552068473609,0.0518731988472622,0.0,0.0,0.0,-0.168032470148215,0.1113384618080192,0.1312466164905679,0.2379833226726563,control_higher
k__Bacteria|p__Firmicutes|c__Bacilli|o__Lactobacillales|f__Lactobacillaceae|g__Lactobacillus|s__Lactobacillus_salivarius,Lactobacillus,Lactobacillus salivarius,701,694,0.1255349500713266,0.0734870317002881,0.0,0.0,0.0,0.1842981096807338,0.1225707240217952,0.1326827746657637,0.2391467974514664,CRC_higher
k__Bacteria|p__Firmicutes|c__Clostridia|o__Clostridiales|f__Lachnospiraceae|g__Eisenbergiella|s__Eisenbergiella_massiliensis,Eisenbergiella,Eisenbergiella massiliensis,701,694,0.2710413694721826,0.2146974063400576,0.0,0.0,0.0,0.2350947421158952,0.1570937515505282,0.1345168722803522,0.2410093961689645,CRC_higher
k__Bacteria|p__Firmicutes|c__Clostridia|o__Clostridiales|f__Eubacteriaceae|g__Eubacterium|s__Eubacterium_ramulus,Eubacterium,Eubacterium ramulus,701,694,0.5977175463623395,0.6152737752161384,0.02503,0.03228,-0.00725,-0.3051596205977441,0.2054680349371644,0.1374927916407785,0.2445952648757312,control_higher
k__Bacteria|p__Firmicutes|c__Negativicutes|o__Acidaminococcales|f__Acidaminococcaceae|g__Phascolarctobacterium|s__Phascolarctobacterium_succinatutens,Phascolarctobacterium,Phascolarctobacterium succinatutens,701,694,0.3266761768901569,0.2723342939481268,0.0,0.0,0.0,0.3763919463836011,0.2542608820619631,0.1387831710766914,0.2445952648757312,CRC_higher
k__Bacteria|p__Bacteroidetes|c__Bacteroidia|o__Bacteroidales|f__Prevotellaceae|g__Prevotella|s__Prevotella_sp_CAG_279,Prevotella,Prevotella sp CAG 279,701,694,0.1683309557774607,0.1224783861671469,0.0,0.0,0.0,0.2805574985170141,0.1896056488841685,0.1389561139327243,0.2445952648757312,CRC_higher
k__Bacteria|p__Firmicutes|c__Clostridia|o__Clostridiales|f__Ruminococcaceae|g__Ruminococcus|s__Ruminococcus_callidus,Ruminococcus,Ruminococcus callidus,701,694,0.1469329529243937,0.1440922190201729,0.0,0.0,0.0,-0.1908314900482058,0.1307190867234724,0.1443287140968961,0.2525752496695682,control_higher
k__Bacteria|p__Actinobacteria|c__Actinobacteria|o__Bifidobacteriales|f__Bifidobacteriaceae|g__Bifidobacterium|s__Bifidobacterium_breve,Bifidobacterium,Bifidobacterium breve,701,694,0.0927246790299572,0.0922190201729106,0.0,0.0,0.0,-0.1994913156643482,0.1371210775209311,0.1457093465574648,0.253517417998826,control_higher
k__Bacteria|p__Proteobacteria|c__Gammaproteobacteria|o__Pasteurellales|f__Pasteurellaceae|g__Haemophilus|s__Haemophilus_sp_HMSC71H05,Haemophilus,Haemophilus sp HMSC71H05,701,694,0.1825962910128388,0.1916426512968299,0.0,0.0,0.0,-0.2011425425041105,0.1414841158750027,0.1551244964642372,0.2675778550771864,control_higher
k__Bacteria|p__Firmicutes|c__Negativicutes|o__Veillonellales|f__Veillonellaceae|g__Veillonella|s__Veillonella_infantium,Veillonella,Veillonella infantium,701,694,0.2610556348074179,0.2665706051873199,0.0,0.0,0.0,-0.2119275272055371,0.149230599837338,0.155568520393713,0.2675778550771864,control_higher
k__Bacteria|p__Firmicutes|c__Clostridia|o__Clostridiales|f__Lachnospiraceae|g__Blautia|s__Blautia_hansenii,Blautia,Blautia hansenii,701,694,0.0756062767475035,0.0734870317002881,0.0,0.0,0.0,-0.1701489602268159,0.1216753585787265,0.1619975741108945,0.2770526693601094,control_higher
k__Bacteria|p__Proteobacteria|c__Deltaproteobacteria|o__Desulfovibrionales|f__Desulfovibrionaceae|g__Desulfovibrio|s__Desulfovibrio_piger,Desulfovibrio,Desulfovibrio piger,701,694,0.2154065620542082,0.1671469740634005,0.0,0.0,0.0,0.2597274172169925,0.1865677197159176,0.1638815786032857,0.2786912720880736,CRC_higher
k__Bacteria|p__Actinobacteria|c__Actinobacteria|o__Actinomycetales|f__Actinomycetaceae|g__Actinomyces|s__Actinomyces_odontolyticus,Actinomyces,Actinomyces odontolyticus,701,694,0.4550641940085592,0.4106628242074928,0.0,0.0,0.0,0.1943666657816668,0.13997578052863,0.1649624665319367,0.2789533844163648,CRC_higher
k__Bacteria|p__Actinobacteria|c__Actinobacteria|o__Actinomycetales|f__Actinomycetaceae|g__Actinomyces|s__Actinomyces_graevenitzii,Actinomyces,Actinomyces graevenitzii,701,694,0.1483594864479315,0.0994236311239193,0.0,0.0,0.0,0.1356471970749139,0.0986579991078169,0.1691551765334525,0.284445296852342,CRC_higher
k__Bacteria|p__Firmicutes|c__Clostridia|o__Clostridiales|f__Eubacteriaceae|g__Eubacteriaceae_unclassified|s__Eubacteriaceae_bacterium_CHKCI005,Eubacteriaceae_unclassified,Eubacteriaceae bacterium CHKCI005,701,694,0.0870185449358059,0.0763688760806916,0.0,0.0,0.0,-0.111362368591523,0.0812157569172515,0.1703152171790414,0.284804890949397,control_higher
k__Bacteria|p__Bacteroidetes|c__Bacteroidia|o__Bacteroidales|f__Bacteroidaceae|g__Bacteroides|s__Bacteroides_eggerthii,Bacteroides,Bacteroides eggerthii,701,694,0.3352353780313837,0.276657060518732,0.0,0.0,0.0,0.3161623062269573,0.2316254979394536,0.1722618681863406,0.2864686316247984,CRC_higher
k__Bacteria|p__Firmicutes|c__Clostridia|o__Clostridiales|f__Clostridiaceae|g__Clostridium|s__Clostridium_sp_CAG_242,Clostridium,Clostridium sp CAG 242,701,694,0.289586305278174,0.2305475504322766,0.0,0.0,0.0,0.2489168287866736,0.1845644453504655,0.1774424663029399,0.293462540424093,CRC_higher
k__Bacteria|p__Firmicutes|c__Negativicutes|o__Veillonellales|f__Veillonellaceae|g__Dialister|s__Dialister_invisus,Dialister,Dialister invisus,701,694,0.2182596291012838,0.2305475504322766,0.0,0.0,0.0,-0.2515535559564196,0.187088834126286,0.1787649619442151,0.2940341723781898,control_higher
k__Bacteria|p__Bacteroidetes|c__Bacteroidia|o__Bacteroidales|f__Bacteroidaceae|g__Bacteroides|s__Bacteroides_faecis_CAG_32,Bacteroides,Bacteroides faecis CAG 32,701,694,0.0756062767475035,0.0706051873198847,0.0,0.0,0.0,-0.1570733500770134,0.1183831790795544,0.1845677286742812,0.3013071242411583,control_higher
k__Bacteria|p__Firmicutes|c__Clostridia|o__Clostridiales|f__Ruminococcaceae|g__Flavonifractor|s__Flavonifractor_sp_An10,Flavonifractor,Flavonifractor sp An10,701,694,0.0570613409415121,0.047550432276657,0.0,0.0,0.0,-0.1054408900716796,0.0795812195458307,0.185188764068486,0.3013071242411583,control_higher
k__Bacteria|p__Actinobacteria|c__Actinobacteria|o__Actinomycetales|f__Actinomycetaceae|g__Actinomyces|s__Actinomyces_sp_ICM47,Actinomyces,Actinomyces sp ICM47,701,694,0.3067047075606277,0.3069164265129683,0.0,0.0,0.0,-0.1845263993874627,0.140670760238482,0.1896008301800589,0.3068271499150415,control_higher
k__Bacteria|p__Actinobacteria|c__Actinobacteria|o__Actinomycetales|f__Actinomycetaceae|g__Actinomyces|s__Actinomyces_sp_S6_Spd3,Actinomyces,Actinomyces sp S6 Spd3,701,694,0.2039942938659058,0.1498559077809798,0.0,0.0,0.0,0.1413900668597821,0.1083427089352033,0.1918839481380315,0.3088613282863502,CRC_higher
k__Bacteria|p__Firmicutes|c__Clostridia|o__Clostridiales|f__Lachnospiraceae|g__Coprococcus|s__Coprococcus_comes,Coprococcus,Coprococcus comes,701,694,0.6690442225392297,0.6642651296829971,0.19727,0.279835,-0.082565,-0.2888263524964382,0.2250931994389089,0.1994426204187515,0.3193203656704478,control_higher
k__Bacteria|p__Spirochaetes|c__Spirochaetia|o__Brachyspirales|f__Brachyspiraceae|g__Brachyspira|s__Brachyspira_sp_CAG_700,Brachyspira,Brachyspira sp CAG 700,701,694,0.0542082738944365,0.0518731988472622,0.0,0.0,0.0,-0.1524026228623815,0.1196192073349782,0.2026404478795916,0.3212133010695821,control_higher
k__Bacteria|p__Firmicutes|c__Negativicutes|o__Selenomonadales|f__Selenomonadaceae|g__Megamonas|s__Megamonas_funiformis,Megamonas,Megamonas funiformis,701,694,0.18830242510699,0.1311239193083573,0.0,0.0,0.0,0.2257690198306439,0.177250337843169,0.2027592265887727,0.3212133010695821,CRC_higher
k__Bacteria|p__Actinobacteria|c__Coriobacteriia|o__Eggerthellales|f__Eggerthellaceae|g__Slackia|s__Slackia_isoflavoniconvertens,Slackia,Slackia isoflavoniconvertens,701,694,0.37660485021398,0.3429394812680115,0.0,0.0,0.0,0.2440930265937555,0.1935694970363612,0.2073053277959498,0.3266958307150831,CRC_higher
k__Bacteria|p__Firmicutes|c__Negativicutes|o__Veillonellales|f__Veillonellaceae|g__Allisonella|s__Allisonella_histaminiformans,Allisonella,Allisonella histaminiformans,701,694,0.2524964336661912,0.2002881844380403,0.0,0.0,0.0,0.1867938020404785,0.150608042424066,0.2148775940646128,0.3368653948617107,CRC_higher
k__Bacteria|p__Proteobacteria|c__Epsilonproteobacteria|o__Campylobacterales|f__Campylobacteraceae|g__Campylobacter|s__Campylobacter_concisus,Campylobacter,Campylobacter concisus,701,694,0.0727532097004279,0.063400576368876,0.0,0.0,0.0,-0.1105870790131138,0.0905114002552351,0.2217822230473627,0.3458883374987367,control_higher
k__Bacteria|p__Bacteroidetes|c__Bacteroidia|o__Bacteroidales|f__Prevotellaceae|g__Paraprevotella|s__Paraprevotella_xylaniphila,Paraprevotella,Paraprevotella xylaniphila,701,694,0.3366619115549215,0.2723342939481268,0.0,0.0,0.0,0.2661172122609548,0.2228628313041964,0.2324446353244672,0.3606486352199208,CRC_higher
k__Bacteria|p__Bacteroidetes|c__Bacteroidia|o__Bacteroidales|f__Bacteroidaceae|g__Bacteroides|s__Bacteroides_faecis,Bacteroides,Bacteroides faecis,701,694,0.1326676176890157,0.1368876080691642,0.0,0.0,0.0,-0.199299824077013,0.168074510519851,0.2357081788199257,0.3627952246277757,control_higher
k__Bacteria|p__Firmicutes|c__Clostridia|o__Clostridiales|f__Peptostreptococcaceae|g__Intestinibacter|s__Intestinibacter_bartlettii,Intestinibacter,Intestinibacter bartlettii,701,694,0.3823109843081312,0.3861671469740634,0.0,0.0,0.0,-0.2138535993787107,0.1812344589750017,0.2380069351231375,0.3627952246277757,control_higher
k__Bacteria|p__Firmicutes|c__Bacilli|o__Lactobacillales|f__Streptococcaceae|g__Streptococcus|s__Streptococcus_mutans,Streptococcus,Streptococcus mutans,701,694,0.1654778887303851,0.1585014409221902,0.0,0.0,0.0,-0.1541645322954904,0.1307549203405427,0.238384529205355,0.3627952246277757,control_higher
k__Bacteria|p__Actinobacteria|c__Coriobacteriia|o__Eggerthellales|f__Eggerthellaceae|g__Gordonibacter|s__Gordonibacter_pamelaeae,Gordonibacter,Gordonibacter pamelaeae,701,694,0.7346647646219686,0.723342939481268,0.01223,0.01214,8.99999999999998e-05,-0.1917471380518279,0.1627224277077632,0.2386493504196,0.3627952246277757,control_higher
k__Bacteria|p__Firmicutes|c__Clostridia|o__Clostridiales|f__Clostridiales_unclassified|g__Lawsonibacter|s__Lawsonibacter_asaccharolyticus,Lawsonibacter,Lawsonibacter asaccharolyticus,701,694,0.7375178316690443,0.7046109510086456,0.03053,0.020495,0.010035,0.1891317587647589,0.1619082799883624,0.2427497483903039,0.3666407476562234,CRC_higher
k__Bacteria|p__Firmicutes|c__Clostridia|o__Clostridiales|f__Oscillospiraceae|g__Oscillibacter|s__Oscillibacter_sp_57_20,Oscillibacter,Oscillibacter sp 57 20,701,694,0.5335235378031383,0.5417867435158501,0.00568,0.01714,-0.01146,-0.2707219634570236,0.2321804011817781,0.2436151147217431,0.3666407476562234,control_higher
k__Bacteria|p__Firmicutes|c__Clostridia|o__Clostridiales|f__Lachnospiraceae|g__Blautia|s__Blautia_sp_CAG_257,Blautia,Blautia sp CAG 257,701,694,0.3181169757489301,0.3328530259365994,0.0,0.0,0.0,-0.2354385888992809,0.2050230536362818,0.2508233706631383,0.3756111172617146,control_higher
k__Bacteria|p__Bacteroidetes|c__Bacteroidia|o__Bacteroidales|f__Barnesiellaceae|g__Coprobacter|s__Coprobacter_secundus,Coprobacter,Coprobacter secundus,701,694,0.1997146932952924,0.2017291066282421,0.0,0.0,0.0,-0.1706684812868845,0.1498259844659485,0.2546567089375369,0.3794637098524683,control_higher
k__Bacteria|p__Firmicutes|c__Erysipelotrichia|o__Erysipelotrichales|f__Erysipelotrichaceae|g__Catenibacterium|s__Catenibacterium_mitsuokai,Catenibacterium,Catenibacterium mitsuokai,701,694,0.1669044222539229,0.1210374639769452,0.0,0.0,0.0,0.188188447675671,0.167703156825884,0.2617977798408885,0.3881829149364898,CRC_higher
k__Bacteria|p__Firmicutes|c__Firmicutes_unclassified|o__Firmicutes_unclassified|f__Firmicutes_unclassified|g__Firmicutes_unclassified|s__Firmicutes_bacterium_CAG_94,Firmicutes_unclassified,Firmicutes bacterium CAG 94,701,694,0.3009985734664764,0.2665706051873199,0.0,0.0,0.0,0.1900085017729146,0.1702002826570322,0.2642587308974455,0.3899111666673094,CRC_higher
k__Bacteria|p__Firmicutes|c__Clostridia|o__Clostridiales|f__Oscillospiraceae|g__Oscillibacter|s__Oscillibacter_sp_CAG_241,Oscillibacter,Oscillibacter sp CAG 241,701,694,0.5049928673323824,0.4870317002881844,0.00016,0.0,0.00016,0.2276601322597239,0.2061894915484363,0.2695364780334763,0.3957584384784213,CRC_higher
k__Bacteria|p__Firmicutes|c__Clostridia|o__Clostridiales|f__Lachnospiraceae|g__Blautia|s__Blautia_obeum,Blautia,Blautia obeum,701,694,0.7860199714693296,0.7968299711815562,0.17044,0.17298,-0.0025399999999999,-0.2016270722737163,0.1836011202065358,0.2721259117479021,0.3976208710491191,control_higher
k__Bacteria|p__Firmicutes|c__Clostridia|o__Clostridiales|f__Lachnospiraceae|g__Coprococcus|s__Coprococcus_catus,Coprococcus,Coprococcus catus,701,694,0.6191155492154066,0.5806916426512968,0.04548,0.03032,0.01516,0.2250095246684106,0.207751200972525,0.2787764320103836,0.4053705605561616,CRC_higher
k__Bacteria|p__Proteobacteria|c__Gammaproteobacteria|o__Enterobacterales|f__Enterobacteriaceae|g__Klebsiella|s__Klebsiella_quasipneumoniae,Klebsiella,Klebsiella quasipneumoniae,701,694,0.1669044222539229,0.1585014409221902,0.0,0.0,0.0,-0.1687292056380561,0.1572218786021144,0.2831851411332913,0.4098015744284648,control_higher
k__Bacteria|p__Firmicutes|c__Firmicutes_unclassified|o__Firmicutes_unclassified|f__Firmicutes_unclassified|g__Firmicutes_unclassified|s__Firmicutes_bacterium_CAG_95,Firmicutes_unclassified,Firmicutes bacterium CAG 95,701,694,0.2196861626248216,0.2031700288184438,0.0,0.0,0.0,-0.1621391984075986,0.1524474899523062,0.2875216910038718,0.413668007236069,control_higher
k__Bacteria|p__Firmicutes|c__Firmicutes_unclassified|o__Firmicutes_unclassified|f__Firmicutes_unclassified|g__Firmicutes_unclassified|s__Firmicutes_bacterium_CAG_83,Firmicutes_unclassified,Firmicutes bacterium CAG 83,701,694,0.6362339514978602,0.6512968299711815,0.03658,0.04989,-0.01331,-0.2336769137545736,0.2202036340123715,0.2886055864437691,0.413668007236069,control_higher
k__Bacteria|p__Firmicutes|c__Clostridia|o__Clostridiales|f__Clostridiaceae|g__Clostridium|s__Clostridium_perfringens,Clostridium,Clostridium perfringens,701,694,0.0684736091298145,0.047550432276657,0.0,0.0,0.0,-0.1014752502302828,0.0974303912415054,0.2976364224107125,0.4245903466617273,control_higher
k__Bacteria|p__Actinobacteria|c__Actinobacteria|o__Bifidobacteriales|f__Bifidobacteriaceae|g__Scardovia|s__Scardovia_wiggsiae,Scardovia,Scardovia wiggsiae,701,694,0.0741797432239657,0.0590778097982708,0.0,0.0,0.0,-0.0822345158188151,0.0793984298004592,0.3003329412188764,0.4264161099381218,control_higher
k__Bacteria|p__Proteobacteria|c__Gammaproteobacteria|o__Enterobacterales|f__Enterobacteriaceae|g__Citrobacter|s__Citrobacter_youngae,Citrobacter,Citrobacter youngae,701,694,0.0713266761768901,0.0605187319884726,0.0,0.0,0.0,-0.1057674573501164,0.104156810758488,0.3098848557768414,0.4379124018254896,control_higher
k__Bacteria|p__Firmicutes|c__Clostridia|o__Clostridiales|f__Eubacteriaceae|g__Eubacterium|s__Eubacterium_dolichum_CAG_375,Eubacterium,Eubacterium dolichum CAG 375,701,694,0.0855920114122681,0.0734870317002881,0.0,0.0,0.0,-0.1079344543107442,0.1071715360528579,0.3138777526869114,0.4414822596203754,control_higher
k__Bacteria|p__Bacteroidetes|c__Bacteroidia|o__Bacteroidales|f__Bacteroidaceae|g__Bacteroides|s__Bacteroides_stercoris,Bacteroides,Bacteroides stercoris,701,694,0.6062767475035663,0.5360230547550432,0.03714,0.00535,0.03179,0.2760080658310443,0.2774009432047876,0.3197465608645101,0.4476451852103142,CRC_higher
k__Bacteria|p__Firmicutes|c__Clostridia|o__Clostridiales|f__Clostridiales_Family_XIII_Incertae_Sedis|g__Mogibacterium|s__Mogibacterium_timidum,Mogibacterium,Mogibacterium timidum,701,694,0.0727532097004279,0.0374639769452449,0.0,0.0,0.0,0.0726101055069377,0.0732056183482421,0.3212632855062676,0.4476863376730858,CRC_higher
k__Bacteria|p__Firmicutes|c__Erysipelotrichia|o__Erysipelotrichales|f__Erysipelotrichaceae|g__Erysipelatoclostridium|s__Clostridium_innocuum,Erysipelatoclostridium,Clostridium innocuum,701,694,0.4522111269614836,0.4048991354466859,0.0,0.0,0.0,0.1799727070099765,0.1879059674302455,0.3381733586721144,0.4690791749322877,CRC_higher
k__Bacteria|p__Actinobacteria|c__Actinobacteria|o__Bifidobacteriales|f__Bifidobacteriaceae|g__Alloscardovia|s__Alloscardovia_omnicolens,Alloscardovia,Alloscardovia omnicolens,701,694,0.0741797432239657,0.0619596541786743,0.0,0.0,0.0,-0.0829891933262138,0.0886581829350379,0.34924337291481,0.4822121800337514,control_higher
k__Bacteria|p__Firmicutes|c__Clostridia|o__Clostridiales|f__Eubacteriaceae|g__Eubacterium|s__Eubacterium_limosum,Eubacterium,Eubacterium limosum,701,694,0.0912981455064194,0.047550432276657,0.0,0.0,0.0,0.076445950351188,0.0836720027109939,0.3609069090912373,0.4960410029062212,CRC_higher
k__Bacteria|p__Bacteroidetes|c__Bacteroidia|o__Bacteroidales|f__Bacteroidaceae|g__Bacteroides|s__Bacteroides_massiliensis,Bacteroides,Bacteroides massiliensis,701,694,0.3437945791726106,0.3386167146974063,0.0,0.0,0.0,-0.2181140840015261,0.2413158954159493,0.3660733803008226,0.4997118923135272,control_higher
k__Bacteria|p__Firmicutes|c__Erysipelotrichia|o__Erysipelotrichales|f__Erysipelotrichaceae|g__Faecalicoccus|s__Faecalicoccus_pleomorphus,Faecalicoccus,Faecalicoccus pleomorphus,701,694,0.0870185449358059,0.0561959654178674,0.0,0.0,0.0,0.0985385968483264,0.1092083730916921,0.36689810033651,0.4997118923135272,CRC_higher
k__Bacteria|p__Bacteroidetes|c__Bacteroidia|o__Bacteroidales|f__Bacteroidaceae|g__Bacteroides|s__Bacteroides_uniformis,Bacteroides,Bacteroides uniformis,701,694,0.9315263908701854,0.9193083573487032,2.72376,2.8077300000000003,-0.0839700000000003,-0.1450085070762363,0.1682944142747614,0.3888879158113384,0.5263218629461535,control_higher
k__Bacteria|p__Firmicutes|c__Clostridia|o__Clostridiales|f__Lachnospiraceae|g__Oribacterium|s__Oribacterium_sinus,Oribacterium,Oribacterium sinus,701,694,0.0927246790299572,0.0648414985590778,0.0,0.0,0.0,-0.0666294490698286,0.0774996037577378,0.3899328087607715,0.5263218629461535,control_higher
k__Bacteria|p__Bacteroidetes|c__Bacteroidia|o__Bacteroidales|f__Tannerellaceae|g__Parabacteroides|s__Parabacteroides_johnsonii,Parabacteroides,Parabacteroides johnsonii,701,694,0.1483594864479315,0.1340057636887608,0.0,0.0,0.0,-0.1305766294925584,0.1569054897443205,0.4052964921660015,0.5446171613480645,control_higher
k__Bacteria|p__Firmicutes|c__Negativicutes|o__Veillonellales|f__Veillonellaceae|g__Megasphaera|s__Megasphaera_micronuciformis,Megasphaera,Megasphaera micronuciformis,701,694,0.1469329529243937,0.1023054755043227,0.0,0.0,0.0,0.1007858081383781,0.1238725074780707,0.4158596299929652,0.5563277716794779,CRC_higher
k__Bacteria|p__Firmicutes|c__Clostridia|o__Clostridiales|f__Clostridiales_unclassified|g__Clostridiales_unclassified|s__Clostridiales_bacterium_1_7_47FAA,Clostridiales_unclassified,Clostridiales bacterium 1 7 47FAA,701,694,0.0627674750356633,0.0389048991354466,0.0,0.0,0.0,-0.0598576266561822,0.0742870905442985,0.4203807757966072,0.5598876704193751,control_higher
k__Bacteria|p__Proteobacteria|c__Deltaproteobacteria|o__Desulfovibrionales|f__Desulfovibrionaceae|g__Desulfovibrionaceae_unclassified|s__Desulfovibrionaceae_bacterium,Desulfovibrionaceae_unclassified,Desulfovibrionaceae bacterium,701,694,0.1255349500713266,0.0893371757925072,0.0,0.0,0.0,0.0972921968729996,0.1218924950547907,0.4247658268515574,0.5632357439749726,CRC_higher
k__Bacteria|p__Firmicutes|c__Clostridia|o__Clostridiales|f__Lachnospiraceae|g__Lachnoclostridium|s__Clostridium_clostridioforme,Lachnoclostridium,Clostridium clostridioforme,701,694,0.3024251069900143,0.2593659942363112,0.0,0.0,0.0,0.1518855312582727,0.1912242963429462,0.4270327575890411,0.5637581580451815,CRC_higher
k__Bacteria|p__Bacteroidetes|c__Bacteroidia|o__Bacteroidales|f__Prevotellaceae|g__Prevotella|s__Prevotella_copri,Prevotella,Prevotella copri,701,694,0.4992867332382311,0.4394812680115273,0.0,0.0,0.0,0.2238217688992417,0.28294348815763,0.4289162118007952,0.5637719639827046,CRC_higher
k__Bacteria|p__Firmicutes|c__Bacilli|o__Lactobacillales|f__Lactobacillaceae|g__Lactobacillus|s__Lactobacillus_paragasseri,Lactobacillus,Lactobacillus paragasseri,701,694,0.0998573466476462,0.0677233429394812,0.0,0.0,0.0,0.0833617203954767,0.1071340139629601,0.4365059683148719,0.5712534628816367,CRC_higher
k__Bacteria|p__Firmicutes|c__Negativicutes|o__Veillonellales|f__Veillonellaceae|g__Veillonella|s__Veillonella_sp_T11011_6,Veillonella,Veillonella sp T11011 6,701,694,0.1940085592011412,0.1801152737752161,0.0,0.0,0.0,-0.0962198076041804,0.1282831029678057,0.4532195859795507,0.5905588544582024,control_higher
k__Bacteria|p__Proteobacteria|c__Gammaproteobacteria|o__Enterobacterales|f__Enterobacteriaceae|g__Klebsiella|s__Klebsiella_pneumoniae,Klebsiella,Klebsiella pneumoniae,701,694,0.2653352353780314,0.2449567723342939,0.0,0.0,0.0,-0.1483381016350682,0.2020809604524974,0.4629165383411556,0.6005943018995166,control_higher
k__Bacteria|p__Firmicutes|c__Firmicutes_unclassified|o__Firmicutes_unclassified|f__Firmicutes_unclassified|g__Firmicutes_unclassified|s__Firmicutes_bacterium_CAG_238,Firmicutes_unclassified,Firmicutes bacterium CAG 238,701,694,0.1241084165477888,0.0893371757925072,0.0,0.0,0.0,0.0828584563731248,0.115926995388106,0.4747654742249776,0.6133236383764733,CRC_higher
k__Bacteria|p__Firmicutes|c__Clostridia|o__Clostridiales|f__Lachnospiraceae|g__Dorea|s__Dorea_longicatena,Dorea,Dorea longicatena,701,694,0.7631954350927247,0.7651296829971181,0.39038,0.38791,0.00247,-0.1535214005752161,0.2167226976558106,0.4787110965391619,0.6153327536057749,control_higher
k__Bacteria|p__Actinobacteria|c__Actinobacteria|o__Bifidobacteriales|f__Bifidobacteriaceae|g__Bifidobacterium|s__Bifidobacterium_dentium,Bifidobacterium,Bifidobacterium dentium,701,694,0.2724679029957204,0.270893371757925,0.0,0.0,0.0,-0.1217658709896134,0.1725598154583677,0.4804092926822495,0.6153327536057749,control_higher
k__Bacteria|p__Firmicutes|c__Bacilli|o__Lactobacillales|f__Lactobacillaceae|g__Lactobacillus|s__Lactobacillus_mucosae,Lactobacillus,Lactobacillus mucosae,701,694,0.0570613409415121,0.0446685878962536,0.0,0.0,0.0,-0.0676803885542774,0.0984594762467581,0.4918348913158471,0.6272978910426694,control_higher
k__Bacteria|p__Actinobacteria|c__Coriobacteriia|o__Coriobacteriales|f__Coriobacteriaceae|g__Collinsella|s__Collinsella_intestinalis,Collinsella,Collinsella intestinalis,701,694,0.4550641940085592,0.4077809798270893,0.0,0.0,0.0,0.0923503105476672,0.136101639581977,0.4974298178629344,0.6317568572858364,CRC_higher
k__Bacteria|p__Firmicutes|c__Bacilli|o__Lactobacillales|f__Streptococcaceae|g__Streptococcus|s__Streptococcus_parasanguinis,Streptococcus,Streptococcus parasanguinis,701,694,0.7817403708987162,0.7694524495677233,0.02797,0.034725,-0.006755,-0.1203065073780377,0.1818474833100782,0.5082409596329898,0.6427753313005459,control_higher
k__Bacteria|p__Firmicutes|c__Clostridia|o__Clostridiales|f__Ruminococcaceae|g__Ruminococcaceae_unclassified|s__Eubacterium_siraeum,Ruminococcaceae_unclassified,Eubacterium siraeum,701,694,0.4579172610556348,0.4394812680115273,0.0,0.0,0.0,0.1502872195802185,0.2314252353734314,0.5160807806205836,0.6499594768485174,CRC_higher
k__Bacteria|p__Firmicutes|c__Bacilli|o__Lactobacillales|f__Streptococcaceae|g__Streptococcus|s__Streptococcus_vestibularis,Streptococcus,Streptococcus vestibularis,701,694,0.2867332382310984,0.255043227665706,0.0,0.0,0.0,0.1020300149033408,0.1603711684411015,0.5246384434034816,0.6579840477685333,CRC_higher
k__Bacteria|p__Firmicutes|c__Bacilli|o__Lactobacillales|f__Carnobacteriaceae|g__Granulicatella|s__Granulicatella_elegans,Granulicatella,Granulicatella elegans,701,694,0.0927246790299572,0.0504322766570605,0.0,0.0,0.0,0.0471797357509044,0.075448072522154,0.5317562983381093,0.6594647200674475,CRC_higher
k__Bacteria|p__Bacteroidetes|c__Bacteroidia|o__Bacteroidales|f__Bacteroidaceae|g__Bacteroides|s__Bacteroides_clarus,Bacteroides,Bacteroides clarus,701,694,0.1925820256776034,0.1685878962536023,0.0,0.0,0.0,-0.1062317288601454,0.1714932499140782,0.5356190477711317,0.6594647200674475,control_higher
k__Bacteria|p__Firmicutes|c__Clostridia|o__Clostridiales|f__Clostridiales_Family_XIII_Incertae_Sedis|g__Clostridiales_Family_XIII_Incertae_Sedis_unclassified|s__Eubacterium_sulci,Clostridiales_Family_XIII_Incertae_Sedis_unclassified,Eubacterium sulci,701,694,0.2624821683309558,0.2435158501440922,0.0,0.0,0.0,0.078822033215006,0.1298648631752298,0.543881260868646,0.6594647200674475,CRC_higher
k__Bacteria|p__Actinobacteria|c__Coriobacteriia|o__Eggerthellales|f__Eggerthellaceae|g__Eggerthella|s__Eggerthella_lenta,Eggerthella,Eggerthella lenta,701,694,0.6790299572039943,0.6628242074927954,0.02112,0.020515,0.000605,-0.1241624684964654,0.2056037731835593,0.5459154650524968,0.6594647200674475,control_higher
k__Bacteria|p__Firmicutes|c__Erysipelotrichia|o__Erysipelotrichales|f__Erysipelotrichaceae|g__Faecalitalea|s__Faecalitalea_cylindroides,Faecalitalea,Faecalitalea cylindroides,701,694,0.1540656205420827,0.1224783861671469,0.0,0.0,0.0,0.0889583081703498,0.1476165755551321,0.5467542667158165,0.6594647200674475,CRC_higher
k__Bacteria|p__Actinobacteria|c__Actinobacteria|o__Micrococcales|f__Micrococcaceae|g__Rothia|s__Rothia_dentocariosa,Rothia,Rothia dentocariosa,701,694,0.1055634807417974,0.0864553314121037,0.0,0.0,0.0,-0.0531729801416318,0.0883484754493622,0.5472705969859115,0.6594647200674475,control_higher
k__Bacteria|p__Firmicutes|c__Clostridia|o__Clostridiales|f__Clostridiaceae|g__Clostridium|s__Clostridium_bolteae_CAG_59,Clostridium,Clostridium bolteae CAG 59,701,694,0.2453637660485021,0.2118155619596541,0.0,0.0,0.0,0.0876622936170065,0.1462025821588055,0.5487763791606108,0.6594647200674475,CRC_higher
k__Bacteria|p__Firmicutes|c__Bacilli|o__Lactobacillales|f__Streptococcaceae|g__Streptococcus|s__Streptococcus_infantis,Streptococcus,Streptococcus infantis,701,694,0.3423680456490727,0.3040345821325648,0.0,0.0,0.0,0.0913749616886449,0.1532171240325392,0.5509243046911425,0.6594647200674475,CRC_higher
k__Bacteria|p__Firmicutes|c__Clostridia|o__Clostridiales|f__Lachnospiraceae|g__Tyzzerella|s__Tyzzerella_nexilis,Tyzzerella,Tyzzerella nexilis,701,694,0.18830242510699,0.1455331412103746,0.0,0.0,0.0,0.0883832425726004,0.148265049454976,0.5510974011603226,0.6594647200674475,CRC_higher
k__Bacteria|p__Firmicutes|c__Negativicutes|o__Veillonellales|f__Veillonellaceae|g__Veillonella|s__Veillonella_dispar,Veillonella,Veillonella dispar,701,694,0.3466476462196862,0.3357348703170029,0.0,0.0,0.0,-0.103295373753833,0.1743271773088805,0.553490778880052,0.6594647200674475,control_higher
k__Bacteria|p__Firmicutes|c__Clostridia|o__Clostridiales|f__Ruminococcaceae|g__Ruminococcaceae_unclassified|s__Clostridium_methylpentosum,Ruminococcaceae_unclassified,Clostridium methylpentosum,701,694,0.0984308131241084,0.0489913544668587,0.0,0.0,0.0,0.0441408865189825,0.0748618277230246,0.5554377755510135,0.6594647200674475,CRC_higher
k__Bacteria|p__Firmicutes|c__Negativicutes|o__Selenomonadales|f__Selenomonadaceae|g__Megamonas|s__Megamonas_hypermegale,Megamonas,Megamonas hypermegale,701,694,0.1825962910128388,0.1354466858789625,0.0,0.0,0.0,0.0948118061669476,0.1609217084015116,0.5557407237890091,0.6594647200674475,CRC_higher
k__Bacteria|p__Firmicutes|c__Erysipelotrichia|o__Erysipelotrichales|f__Erysipelotrichaceae|g__Absiella|s__Absiella_dolichum,Absiella,Absiella dolichum,701,694,0.0855920114122681,0.0677233429394812,0.0,0.0,0.0,-0.0631577948314664,0.1072474981966737,0.5559299644637654,0.6594647200674475,control_higher
k__Bacteria|p__Actinobacteria|c__Coriobacteriia|o__Coriobacteriales|f__Atopobiaceae|g__Olsenella|s__Olsenella_scatoligenes,Olsenella,Olsenella scatoligenes,701,694,0.2325249643366619,0.2190201729106628,0.0,0.0,0.0,-0.0735468645836442,0.1250668773309864,0.5564918235785105,0.6594647200674475,control_higher
k__Bacteria|p__Firmicutes|c__Bacilli|o__Lactobacillales|f__Streptococcaceae|g__Lactococcus|s__Lactococcus_lactis,Lactococcus,Lactococcus lactis,701,694,0.1669044222539229,0.1642651296829971,0.0,0.0,0.0,-0.0744730916968522,0.1278026871654584,0.5600822822919063,0.6598437330071082,control_higher
k__Bacteria|p__Bacteroidetes|c__Bacteroidia|o__Bacteroidales|f__Bacteroidaceae|g__Bacteroides|s__Bacteroides_galacturonicus,Bacteroides,Bacteroides galacturonicus,701,694,0.1697574893009985,0.1585014409221902,0.0,0.0,0.0,-0.0796762493262082,0.1374155706344154,0.5620362387969599,0.6598437330071082,control_higher
k__Bacteria|p__Firmicutes|c__Clostridia|o__Clostridiales|f__Clostridiaceae|g__Clostridium|s__Clostridium_disporicum,Clostridium,Clostridium disporicum,701,694,0.1911554921540656,0.185878962536023,0.0,0.0,0.0,-0.0931041920754935,0.1620099764767684,0.5655064885332812,0.6598437330071082,control_higher
k__Bacteria|p__Synergistetes|c__Synergistia|o__Synergistales|f__Synergistaceae|g__Cloacibacillus|s__Cloacibacillus_porcorum,Cloacibacillus,Cloacibacillus porcorum,701,694,0.1069900142653352,0.0792507204610951,0.0,0.0,0.0,0.0600572761381829,0.1045251187019786,0.5655803425775213,0.6598437330071082,CRC_higher
k__Bacteria|p__Firmicutes|c__Clostridia|o__Clostridiales|f__Ruminococcaceae|g__Ruminococcus|s__Ruminococcus_bromii,Ruminococcus,Ruminococcus bromii,701,694,0.6191155492154066,0.6325648414985591,0.09748,0.085205,0.0122749999999999,-0.1501050956645926,0.2671988165867792,0.5742706522026261,0.6663946985304002,control_higher
k__Bacteria|p__Bacteroidetes|c__Bacteroidia|o__Bacteroidales|f__Bacteroidaceae|g__Bacteroides|s__Bacteroides_vulgatus,Bacteroides,Bacteroides vulgatus,701,694,0.8787446504992867,0.8559077809798271,3.07847,2.661205,0.417265,0.1242434668940327,0.222626106693561,0.5767888697919565,0.6663946985304002,CRC_higher
k__Bacteria|p__Bacteroidetes|c__Bacteroidia|o__Bacteroidales|f__Bacteroidaceae|g__Bacteroides|s__Bacteroides_coprocola,Bacteroides,Bacteroides coprocola,701,694,0.2068473609129814,0.1585014409221902,0.0,0.0,0.0,0.1172650131389213,0.210701167091948,0.5778372635097491,0.6663946985304002,CRC_higher
k__Bacteria|p__Proteobacteria|c__Gammaproteobacteria|o__Enterobacterales|f__Enterobacteriaceae|g__Citrobacter|s__Citrobacter_freundii,Citrobacter,Citrobacter freundii,701,694,0.0641940085592011,0.0504322766570605,0.0,0.0,0.0,-0.054928895579576,0.0995287883461368,0.581024046561926,0.6675123588364111,control_higher
k__Bacteria|p__Firmicutes|c__Erysipelotrichia|o__Erysipelotrichales|f__Erysipelotrichaceae|g__Erysipelatoclostridium|s__Erysipelatoclostridium_ramosum,Erysipelatoclostridium,Erysipelatoclostridium ramosum,701,694,0.4992867332382311,0.446685878962536,0.0,0.0,0.0,0.1123784545185032,0.2196643845907522,0.6089368638573125,0.6969201369621714,CRC_higher
k__Bacteria|p__Firmicutes|c__Clostridia|o__Clostridiales|f__Lachnospiraceae|g__Blautia|s__Ruminococcus_torques,Blautia,Ruminococcus torques,701,694,0.62339514978602,0.6195965417867435,0.20544,0.139025,0.066415,0.1250062344574094,0.2484429828059084,0.6148527381087971,0.7010252809498029,CRC_higher
k__Bacteria|p__Lentisphaerae|c__Lentisphaeria|o__Victivallales|f__Victivallaceae|g__Victivallis|s__Victivallis_vadensis,Victivallis,Victivallis vadensis,701,694,0.1041369472182596,0.0835734870317002,0.0,0.0,0.0,-0.0485773475294498,0.099774854501084,0.626350714860318,0.7102955868740054,control_higher
k__Bacteria|p__Actinobacteria|c__Actinobacteria|o__Actinomycetales|f__Actinomycetaceae|g__Actinomyces|s__Actinomyces_oris,Actinomyces,Actinomyces oris,701,694,0.1640513552068473,0.1440922190201729,0.0,0.0,0.0,-0.0486773743694594,0.1003735192116397,0.6277030767723769,0.7102955868740054,control_higher
k__Bacteria|p__Firmicutes|c__Clostridia|o__Clostridiales|f__Lachnospiraceae|g__Sellimonas|s__Sellimonas_intestinalis,Sellimonas,Sellimonas intestinalis,701,694,0.2810271041369472,0.2723342939481268,0.0,0.0,0.0,-0.0894628070742035,0.1898628478973548,0.6375000505779389,0.7186798322994742,control_higher
k__Bacteria|p__Bacteroidetes|c__Bacteroidia|o__Bacteroidales|f__Bacteroidaceae|g__Bacteroides|s__Bacteroides_finegoldii,Bacteroides,Bacteroides finegoldii,701,694,0.282453637660485,0.2463976945244956,0.0,0.0,0.0,0.1003988575795342,0.2161569209060231,0.6423095487675408,0.7210118847944367,CRC_higher
k__Bacteria|p__Firmicutes|c__Clostridia|o__Clostridiales|f__Lachnospiraceae|g__Lachnoclostridium|s__Lachnoclostridium_sp_An138,Lachnoclostridium,Lachnoclostridium sp An138,701,694,0.1198288159771754,0.0806916426512968,0.0,0.0,0.0,0.043308388789132,0.0938198571614965,0.6443594585039982,0.7210118847944367,CRC_higher
k__Bacteria|p__Bacteroidetes|c__Bacteroidia|o__Bacteroidales|f__Rikenellaceae|g__Alistipes|s__Alistipes_inops,Alistipes,Alistipes inops,701,694,0.2396576319543509,0.2161383285302593,0.0,0.0,0.0,0.087969892244157,0.1931882507487052,0.6488514200838851,0.7233491757231459,CRC_higher
k__Bacteria|p__Firmicutes|c__Clostridia|o__Clostridiales|f__Lachnospiraceae|g__Blautia|s__Blautia_hydrogenotrophica,Blautia,Blautia hydrogenotrophica,701,694,0.1925820256776034,0.1642651296829971,0.0,0.0,0.0,0.0607978695745194,0.1407537667896849,0.6657814714288154,0.7363852747193668,CRC_higher
k__Bacteria|p__Firmicutes|c__Clostridia|o__Clostridiales|f__Lachnospiraceae|g__Lachnoclostridium|s__Clostridium_saccharolyticum,Lachnoclostridium,Clostridium saccharolyticum,701,694,0.2125534950071326,0.2031700288184438,0.0,0.0,0.0,-0.0692396624239347,0.1610836744346903,0.6673144912120611,0.7363852747193668,control_higher
k__Bacteria|p__Firmicutes|c__Negativicutes|o__Acidaminococcales|f__Acidaminococcaceae|g__Phascolarctobacterium|s__Phascolarctobacterium_faecium,Phascolarctobacterium,Phascolarctobacterium faecium,701,694,0.3922967189728958,0.3515850144092219,0.0,0.0,0.0,0.0993645055716263,0.2315900335053794,0.6678843189315187,0.7363852747193668,CRC_higher
k__Bacteria|p__Bacteroidetes|c__Bacteroidia|o__Bacteroidales|f__Prevotellaceae|g__Paraprevotella|s__Paraprevotella_clara,Paraprevotella,Paraprevotella clara,701,694,0.1711840228245363,0.1253602305475504,0.0,0.0,0.0,0.0600748552276768,0.142123602570754,0.6725182197478308,0.7387882632996243,CRC_higher
k__Bacteria|p__Firmicutes|c__Bacilli|o__Bacillales|f__Bacillales_unclassified|g__Gemella|s__Gemella_sanguinis,Gemella,Gemella sanguinis,701,694,0.4935805991440798,0.4596541786743516,0.0,0.0,0.0,0.0652938472579302,0.1589281250657574,0.681190707873101,0.7455941929811033,CRC_higher
k__Bacteria|p__Fusobacteria|c__Fusobacteriia|o__Fusobacteriales|f__Fusobacteriaceae|g__Fusobacterium|s__Fusobacterium_varium,Fusobacterium,Fusobacterium varium,701,694,0.0756062767475035,0.0389048991354466,0.0,0.0,0.0,0.0375228242082487,0.0999071851907021,0.7072315164920735,0.7712923422612831,CRC_higher
k__Bacteria|p__Actinobacteria|c__Actinobacteria|o__Actinomycetales|f__Actinomycetaceae|g__Actinomyces|s__Actinomyces_sp_HPA0247,Actinomyces,Actinomyces sp HPA0247,701,694,0.1426533523537803,0.1095100864553314,0.0,0.0,0.0,0.0344553391154533,0.0974443584791416,0.7236462588981813,0.7863448517269046,CRC_higher
k__Bacteria|p__Firmicutes|c__Bacilli|o__Lactobacillales|f__Streptococcaceae|g__Streptococcus|s__Streptococcus_cristatus,Streptococcus,Streptococcus cristatus,701,694,0.1027104136947218,0.0792507204610951,0.0,0.0,0.0,-0.0311207524425042,0.0901898367924381,0.7300505363793319,0.7885899100338196,control_higher
k__Bacteria|p__Bacteroidetes|c__Bacteroidia|o__Bacteroidales|f__Barnesiellaceae|g__Barnesiella|s__Barnesiella_intestinihominis,Barnesiella,Barnesiella intestinihominis,701,694,0.5420827389443652,0.5302593659942363,0.02606,0.01193,0.01413,0.0831538902993289,0.2418253420888927,0.7309521093004507,0.7885899100338196,CRC_higher
k__Bacteria|p__Bacteroidetes|c__Bacteroidia|o__Bacteroidales|f__Rikenellaceae|g__Alistipes|s__Alistipes_putredinis,Alistipes,Alistipes putredinis,701,694,0.7232524964336662,0.707492795389049,0.53596,0.51733,0.01863,0.0791673046560789,0.2462172922617242,0.7478055235977901,0.8038909378676243,CRC_higher
k__Bacteria|p__Firmicutes|c__Clostridia|o__Clostridiales|f__Clostridiales_Family_XIII_Incertae_Sedis|g__Clostridiales_Family_XIII_Incertae_Sedis_unclassified|s__Eubacterium_brachy,Clostridiales_Family_XIII_Incertae_Sedis_unclassified,Eubacterium brachy,701,694,0.0998573466476462,0.0749279538904899,0.0,0.0,0.0,0.026594375656209,0.0840611912473006,0.7517222575356043,0.80522562106127,CRC_higher
k__Bacteria|p__Firmicutes|c__Bacilli|o__Lactobacillales|f__Streptococcaceae|g__Streptococcus|s__Streptococcus_sanguinis,Streptococcus,Streptococcus sanguinis,701,694,0.2838801711840228,0.270893371757925,0.0,0.0,0.0,-0.0467507914159224,0.1503899798299982,0.7559042118154229,0.8068339282143343,control_higher
k__Bacteria|p__Proteobacteria|c__Gammaproteobacteria|o__Enterobacterales|f__Enterobacteriaceae|g__Enterobacter|s__Enterobacter_cloacae_complex,Enterobacter,Enterobacter cloacae complex,701,694,0.0756062767475035,0.0576368876080691,0.0,0.0,0.0,0.0312713949787949,0.1028428590307732,0.761074807583464,0.8094823925181013,CRC_higher
k__Bacteria|p__Firmicutes|c__Clostridia|o__Clostridiales|f__Ruminococcaceae|g__Anaeromassilibacillus|s__Anaeromassilibacillus_sp_An250,Anaeromassilibacillus,Anaeromassilibacillus sp An250,701,694,0.3708987161198288,0.3443804034582132,0.0,0.0,0.0,0.0444544427441811,0.1634875978145042,0.7856887291127641,0.8327193924751479,CRC_higher
k__Bacteria|p__Firmicutes|c__Bacilli|o__Lactobacillales|f__Streptococcaceae|g__Streptococcus|s__Streptococcus_milleri,Streptococcus,Streptococcus milleri,701,694,0.0770328102710413,0.0461095100864553,0.0,0.0,0.0,0.0206086907248017,0.079291192647361,0.7949320606995345,0.8382120703246698,CRC_higher
k__Bacteria|p__Firmicutes|c__Erysipelotrichia|o__Erysipelotrichales|f__Erysipelotrichaceae|g__Coprobacillus|s__Coprobacillus_cateniformis,Coprobacillus,Coprobacillus cateniformis,701,694,0.1626248216833095,0.1368876080691642,0.0,0.0,0.0,0.0335530803953821,0.1310521524656184,0.7979288638696601,0.8382120703246698,CRC_higher
k__Bacteria|p__Fusobacteria|c__Fusobacteriia|o__Fusobacteriales|f__Fusobacteriaceae|g__Fusobacterium|s__Fusobacterium_ulcerans,Fusobacterium,Fusobacterium ulcerans,701,694,0.0955777460770328,0.0619596541786743,0.0,0.0,0.0,0.0296779007438801,0.1181124039013364,0.8016066963887767,0.8382120703246698,CRC_higher
k__Bacteria|p__Bacteroidetes|c__Bacteroidia|o__Bacteroidales|f__Rikenellaceae|g__Alistipes|s__Alistipes_onderdonkii,Alistipes,Alistipes onderdonkii,701,694,0.1640513552068473,0.1527377521613832,0.0,0.0,0.0,-0.0376542342245304,0.1501686212260028,0.8020102201113121,0.8382120703246698,control_higher
k__Bacteria|p__Bacteroidetes|c__Bacteroidia|o__Bacteroidales|f__Bacteroidaceae|g__Bacteroides|s__Bacteroides_sp_CAG_144,Bacteroides,Bacteroides sp CAG 144,701,694,0.195435092724679,0.1671469740634005,0.0,0.0,0.0,0.0439492947818884,0.1819999163537622,0.8091833072789524,0.8427826141555871,CRC_higher
k__Bacteria|p__Bacteroidetes|c__Bacteroidia|o__Bacteroidales|f__Porphyromonadaceae|g__Sanguibacteroides|s__Sanguibacteroides_justesenii,Sanguibacteroides,Sanguibacteroides justesenii,701,694,0.0912981455064194,0.0706051873198847,0.0,0.0,0.0,-0.0201240701002217,0.0947685556937305,0.8318342595811696,0.863386593565283,control_higher
k__Bacteria|p__Bacteroidetes|c__Bacteroidia|o__Bacteroidales|f__Bacteroidaceae|g__Bacteroides|s__Bacteroides_ovatus,Bacteroides,Bacteroides ovatus,701,694,0.8102710413694721,0.7838616714697406,0.16979,0.17545,-0.0056599999999999,0.0416124840034716,0.2099998077575464,0.8429238980543188,0.8718903550321304,CRC_higher
k__Bacteria|p__Firmicutes|c__Clostridia|o__Clostridiales|f__Lachnospiraceae|g__Lachnoclostridium|s__Clostridium_asparagiforme,Lachnoclostridium,Clostridium asparagiforme,701,694,0.3067047075606277,0.260806916426513,0.0,0.0,0.0,0.0276389503794534,0.153078628507346,0.8567177076458912,0.8831233904157988,CRC_higher
k__Bacteria|p__Firmicutes|c__Negativicutes|o__Acidaminococcales|f__Acidaminococcaceae|g__Acidaminococcus|s__Acidaminococcus_intestini,Acidaminococcus,Acidaminococcus intestini,701,694,0.1897289586305278,0.1657060518731988,0.0,0.0,0.0,-0.0302522546124205,0.2030381753899166,0.8815553177763394,0.9056250875449766,control_higher
k__Bacteria|p__Bacteroidetes|c__Bacteroidia|o__Bacteroidales|f__Bacteroidaceae|g__Bacteroides|s__Bacteroides_coprophilus,Bacteroides,Bacteroides coprophilus,701,694,0.0713266761768901,0.0446685878962536,0.0,0.0,0.0,-0.0162852883841804,0.121929850096398,0.8937483264906517,0.915028048549953,control_higher
k__Bacteria|p__Firmicutes|c__Clostridia|o__Clostridiales|f__Lachnospiraceae|g__Dorea|s__Dorea_formicigenerans,Dorea,Dorea formicigenerans,701,694,0.7517831669044223,0.7435158501440923,0.21268,0.189655,0.023025,0.0243431083552143,0.1959623148609842,0.901138381756292,0.9194666200293012,CRC_higher
k__Bacteria|p__Actinobacteria|c__Coriobacteriia|o__Coriobacteriales|f__Coriobacteriaceae|g__Enorma|s__Enorma_massiliensis,Enorma,Enorma massiliensis,701,694,0.3295292439372325,0.3126801152737752,0.0,0.0,0.0,0.0116226753796121,0.1221910760171473,0.9242204209585628,0.9398322523936736,CRC_higher
k__Bacteria|p__Bacteroidetes|c__Bacteroidia|o__Bacteroidales|f__Bacteroidaceae|g__Bacteroides|s__Bacteroides_xylanisolvens,Bacteroides,Bacteroides xylanisolvens,701,694,0.7303851640513552,0.7002881844380403,0.05602,0.052965,0.003055,-0.0138065784927934,0.2116193730027682,0.9479809172533348,0.9607483370143224,control_higher
k__Bacteria|p__Firmicutes|c__Bacilli|o__Lactobacillales|f__Enterococcaceae|g__Enterococcus|s__Enterococcus_faecalis,Enterococcus,Enterococcus faecalis,701,694,0.108416547788873,0.0893371757925072,0.0,0.0,0.0,-0.0059992730327393,0.1214926664052191,0.9606166948937918,0.97028733276185,control_higher
k__Bacteria|p__Firmicutes|c__Negativicutes|o__Veillonellales|f__Veillonellaceae|g__Veillonella|s__Veillonella_atypica,Veillonella,Veillonella atypica,701,694,0.3851640513552068,0.3688760806916426,0.0,0.0,0.0,-0.0067273980299137,0.1918340557838453,0.972024847280637,0.9785266857239858,control_higher
k__Bacteria|p__Firmicutes|c__Clostridia|o__Clostridiales|f__Lachnospiraceae|g__Lachnoclostridium|s__Clostridium_aldenense,Lachnoclostridium,Clostridium aldenense,701,694,0.2653352353780314,0.239193083573487,0.0,0.0,0.0,-0.0038420803767401,0.1373435756342111,0.9776827068877832,0.980941649244076,control_higher
k__Bacteria|p__Firmicutes|c__Bacilli|o__Lactobacillales|f__Streptococcaceae|g__Streptococcus|s__Streptococcus_gordonii,Streptococcus,Streptococcus gordonii,701,694,0.2938659058487874,0.2853025936599423,0.0,0.0,0.0,0.0027091308895107,0.1616226449347664,0.9866264254417868,0.9866264254417868,CRC_higher
